,track_id,artists,album_name,track_name
0,7cVMaM7bLDXCXzkTMR0Yco,Mariya Takeuchi,LOVE SONGS,SEPTEMBER
1,0o9zmvc5f3EFApU52PPIyW,Fujii Kaze,HELP EVER HURT NEVER,Shinunoga E-Wa
2,3RvdkNMcSy71m0aT6UF9Uf,back number,ユーモア,水平線
3,0hh8HEObfyaRV7jZyVOPR1,Hiroji Miyamoto,SEPTEMBER,SEPTEMBER
4,1QNbkBKOiBILvRAzkyvtqC,Tokimeki Records;Hikari,悲しみがとまらない I CAN'T STOP THE LONLINESS (feat. ひかり),悲しみがとまらない I CAN'T STOP THE LONLINESS (feat. ひかり)
5,6Whj4AAx1Y2xSCJhpRvTpt,Tokimeki Records;ひかり,Sweet Escape (feat. ひかり),Sweet Escape (feat. ひかり)
6,1w3BXhVl88xDJOcrNh5sQH,YOASOBI;Yumi Matsutoya,ユーミン乾杯!!～松任谷由実50周年記念コラボベストアルバム～,中央フリーウェイ
7,4G8VYP3HTnU7fWLoTF77VI,松本千夏;LITTLE,Smile in your face,Smile in your face
8,7kRKlFCFLAUwt43HWtauhX,ALI;AKLO,LOST IN PARADISE,LOST IN PARADISE
9,2X62SjtuwVQiGiZvZZ9Ztr,JKT48,Rapsodi,Rapsodi
10,110pm8A7NxGHrc47Kxu62x,ヨルシカ,幻燈,又三郎
11,1lZeqR3QZExwywt1Fwh90J,The BabyStars,ヒカリヘ,ヒカリへ
12,2x9UGhofPBZdeam4uZCUID,Tulus,Pongki Barata Meets The Stars,1000 Tahun Lamanya
13,2kXER8pkjxDVQnlagpVJJw,Hitsujibungaku,12 hugs (like butterflies),more than words
14,2ZUZS4lQnZlCzVornsni4Y,Ten2Five,3,Love Is You
15,43kiDtoYD0nDJYxzQwclpT,HONNE;BEKA,Love Me / Love Me Not (Sessions),Location Unknown ◐ (feat. BEKA) - Brooklyn Session
16,4jlhUj1aT0IxzaodNEV7xs,MALIQ & D'Essentials,Senja Teduh Pelita,Senja Teduh Pelita
17,2RHm5IDIZ8fYRGzBIo7exV,Juicy Luicy,Tampar,Tampar
18,3x3rREiGYpZFooxt9OZMAy,Hivi!,Kereta Kencan,Kereta Kencan
19,6YvqWjhGD8mB5QXcbcUKtx,Taylor Swift,Fearless (Taylor's Version),Love Story (Taylor’s Version)
20,4xqrdfXkTW4T0RauPLv3WA,Conan Gray,Kid Krow,Heather
21,4uUG5RXrOk84mYEfFvj3cK,David Guetta;Bebe Rexha,I'm Good (Blue),I'm Good (Blue)
22,4XyAYEVNRiMFWm17HkRnnk,Budi Doremi,1 Hari Yang Cerah,Doremi
23,7ydiBXSeyMcdDdvXM89VLE,YOASOBI,あの夢をなぞって (Ballade Ver.),あの夢をなぞって - Ballade Ver.
24,52vj070nfk5z3ZCAcXPQmZ,Hivi!,Say Hi To Hivi!,Orang Ke 3
25,1Q9Jzgs6X0EtNtfq1lOqgH,Hivi!,Say Hi To Hivi!,Indahnya Dirimu
26,4p5UcsOpnSYwqYnThBpDjD,Hivi!,Kereta Kencan,Mata Ke Hati (Acoustic Version)
27,2QohOvW7PuLzZR0v5ASIHX,Hivi!,Say Hi To Hivi!,Khayalan
28,6B3klWr5zdlEUdqFm89Czb,Hivi!,CERITERA,Satu-Satunya
29,6wqmvAct0xhX6plr6wv5Jp,Hivi!,CERITERA,"Tersenyum, Untuk Siapa?"
30,0s1kNTZFMfBXgxrkYNwXsR,Sheila Majid,Dimensi Baru,Dia
31,543jStmHR1VrSfpxmjUIn6,sumika,Chime,フィクション
32,2qJnXUokBc5b38TAEOGnUx,YOASOBI,夜に駆ける - From THE FIRST TAKE,夜に駆ける - From THE FIRST TAKE
33,7tnYsRepXLaNhqj4xtcWP2,Fujii Kaze,grace,grace
34,5BczZ8OQh8TMM0WL7q806z,あれくん;『ユイカ』,あのね。,あのね。
35,4cZUP06f9g3Re0BSNk4Ztf,Hivi!,Kereta Kencan,Sama Sama Tahu
36,2gcwn4gl6YvvA5myQzvZyS,Tokimeki Records;Hikari,Tokimeki Mellow,真夜中のドア / Stay With Me (feat. ひかり)
37,6SwATVDZUy3jha72jDyxe2,Ryokuoushoku Shakai,サマータイムシンデレラ,サマータイムシンデレラ
38,6hy5eqMQ36KAChR1ZZ05zc,John Adams,If I Ain't Got You (Acoustic),If I Ain't Got You - Acoustic
39,2ZT6eELxeETGamaiXu6vmk,Hitsujibungaku,more than words,more than words
40,6vGodkU45j7NLfCXimlxC7,Hivi!,CERITERA,Musim Hujan
41,2zZgfxFyDHDHJzGrs4b9es,Diskoria;Laleilmanino;Bunga Citra Lestari,Badai Telah Berlalu,Badai Telah Berlalu
42,1vT1rKlEzvT9r0uYwAuwC8,Tulus,Monokrom,Manusia Kuat
43,2n5MdJ8bdz4QYOTdeZaBd5,Afgan,DEKADE,Panah Asmara
44,0owU9W5gPsJEcwAmMjzomy,RAN,Hari Baru,Dekat Di Hati
45,3vL1XiH3NywbIFaq8w3rJG,Dudy Oris;Krishna Balagita,Dudy Oris X Krishna Balagita,Laksana Surgaku
46,0wlZGWWK9M6KRHky1IfBYZ,ST12,P.U.S.P.A.,Putri Iklan
47,5fDCy4Hse30ZsjaTUGKVh5,Lyodra;Andi Rianto,Sang Dewi,Sang Dewi
48,5MIpcd16T59wFeqAChSYwC,Last Child,Duka,Duka
49,73DWDOjVUyJ8sAiAcySvgS,Tulus,Gajah,Sepatu
50,4jDmJ51x1o9NZB5Nxxc7gY,George Michael,Ladies And Gentlemen... The Best Of George Michael,Careless Whisper
51,172zA5Yn0YzayQWvEJuGAm,cinnamons;evening cinema,summertime,summertime
52,0ltIx8PLjtWoS9zn9PqsZW,Kitri,Hikare Inochi,Hikare Inochi
53,1jr9nUrgCcCD2tFxiJChys,Kaori Ishihara,Plastic Smile,Plastic Smile
54,2zwZPlMKb1vaFcQK6PpMtP,the peggies,The GARDEN,センチメートル
55,10e9vFUj8aRJItKhhIsmRT,joan,something special (hi),something special
56,6sI8Q7TTJeA9exw6hxEqq3,MAX;SUGA,Colour Vision,Blueberry Eyes (feat. SUGA of BTS)
57,2aTKrdenCq5qBOoJPFdn4P,Jamie Miller,Here's Your Perfect,Here's Your Perfect
58,5O2P9iiztwhomNh8xkR9lJ,One Direction,FOUR (Deluxe),Night Changes
59,7jtXjZ3JViUo9M3ogYAapO,Soushi Sakiyama,i 触れる SAD UFO,燈
60,7FiTlLKW0Knj8rm7lMa9N7,Creepy Nuts;Ayase;Lilas Ikuta,アンサンブル・プレイ,ばかまじめ
61,02xwA3Ej9NPetftp9V7VZ3,『ユイカ』,好きだから。,好きだから。
62,1VHL1PIkhDwWbFc65xHwOr,Novelbright,Assort,愛とか恋とか
63,2L4no3iw54gGX1ZwCNfYSL,John Mayer,Room For Squares,Love Song for No One
64,1JtcICezqVAYwCXzkQZXiF,Remember Entertainment,Ngawi Nagih Janji,Ngawi Nagih Janji
65,4O2U6lEPmcYZKZ5ZPYtWxi,Remember Entertainment,Sesaat Kau Hadir,Sesaat Kau Hadir
66,6VqpszNZwhooTpV51321qc,Remember Entertainment;Ayom Satria,Rungkad,Rungkad
67,1dMmkgiggnLUnlvRKZoBWG,Utha Likumahuwa,Perjalanan,Sesaat Kau Hadir
68,1vxMutEcYnWVQz30YsVWe7,Utha Likumahuwa,Perjalanan,Tersiksa Lagi
69,0badMy2wc5RHaPCOC89YTk,luvbyrd,talking to myself (earwig and the witch lofi),talking to myself (earwig and the witch lofi)
70,3iuItGUhHRTJ8tuDVztJKV,Yeni Inka;New Pallapa Official,Lemah Teles,Lemah Teles
71,7LrT6Lpn0hOQ58pbBP6D2M,YOASOBI,E-SIDE,Comet
72,5MUb136to9lnJLfIy5FZKI,YOASOBI,THE BOOK 2,優しい彗星
73,5i1Jst69DinsQcmeEd8qhw,Dangle,Where Our Blue Is (English Cover),Where Our Blue Is - English Cover
74,5702raF31K9rvD6KZ6sCTo,NewJeans,NewJeans 'OMG',Ditto
75,2YbNZLoiREBYZo4HeKB8Np,YOASOBI,ミスター,ミスター
76,12usPU2WnqgCHAW1EK2dfd,Tatsuya Kitani,青のすみか,青のすみか
77,1N1M7tRKI5ggpnzA7tCFV2,demon gummies,spy x family and chill,mixed nuts - Extended Version
78,4g4DqjGuCkjzSvh8qBrtT9,demon gummies,spy x family and chill,mixed nuts
79,6XzYyYGIrpTK5qHqTBxOhZ,Sheila Majid,Siri Bintang Pujaan,Dia
80,6SyvPeEmj4yBblsKIyiGqT,Fujii Kaze,LOVE ALL SERVE ALL,Tabiji
81,5SuOikwiRyPMVoIQDJUgSV,Gen Hoshino,Comedy,Comedy
82,2vwzbB62VEfzCARNu9Nrrm,YOASOBI,E-SIDE,Into The Night
83,59eluCMn0XbOWqeWQ91FTM,Aimyon,青春のエキサイトメント,君はロックを聴かない
84,56xk385lKQWnQZMFp4hYYE,OFFICIAL HIGE DANDISM,Editorial,Filament
85,6SyvPeEmj4yBblsKIyiGqT,Fujii Kaze,LOVE ALL SERVE ALL,Tabiji
86,153lRbNmhQZVi69kbhmjY8,ヨルシカ,負け犬にアンコールはいらない,ヒッチコック
87,3Ztjw8utVpcrzms1RrsJvR,Sukima Switch,空創クリップ,全力少年
88,7nF9c1EmRF3BNAtKDCwUAK,OFFICIAL HIGE DANDISM,Editorial,Cry Baby
89,4zrKPIygugUDKGFEjVwpSB,OFFICIAL HIGE DANDISM,Subtitle,Subtitle
90,1tevypbWcDiPoUSlxKkaUu,Lilas Ikuta,Sketch,ロマンスの約束
91,19nGl5FadGvWvcqHZ8y491,Streaming Music Studios,My Neighbor Totoro - A Studio Ghibli Piano Collection,My Neighbor Totoro - Ending Theme Song (Piano Version)
92,51oc6MEsXTpnPn6GOw5VuP,Fujii Kaze,Kirari Remixes (Asia Edition),きらり
93,0K9rIsZfdlzAoOEWyeFQYM,Friday Night Plans,Plastic Love,Plastic Love
94,2hSlHAvJkDiQQpGcwrzVaX,OFFICIAL HIGE DANDISM,Mixed Nuts EP,Mixed Nuts
95,6y4GYuZszeXNOXuBFsJlos,Eve,Kaikai Kitan / Ao No Waltz,Kaikai Kitan
96,1k1npeU9mO4807CChhMFP3,OFFICIAL HIGE DANDISM,Mixed Nuts EP,Choral A
97,1kMlcLyljkrShV0LSdSGBz,OFFICIAL HIGE DANDISM,Traveler,Yesterday
98,7ylpphbW8jf5bh7NKJnO8s,Lilas Ikuta,レンズ,レンズ
99,3suPZztPPLjrZoOwTY0Vh8,OFFICIAL HIGE DANDISM,Editorial,Parabola
100,5ptl2PXkiSth54HCuGO7vN,YOASOBI,THE BOOK,あの夢をなぞって
101,2IPqNqkVIs2BHdwNys44lY,OFFICIAL HIGE DANDISM,エスカパレード,ESCAPADE
102,6wffxmLgeZTbvS1hYvLkht,OFFICIAL HIGE DANDISM,Tattoo,Tattoo
103,39HrUxcvKF3jtLz7fUDWXc,Hikaru Utada,First Love,First Love
104,2hwcYq85TVuj6GhBBTuWdg,OFFICIAL HIGE DANDISM,Editorial,I Love...
105,4lFyU6v8LfzALJps4KZzKy,YOASOBI,E-SIDE,Blue
106,2c4AHHJfQIQhXOiL3YEAF0,もさを。,こいのうた,ぎゅっと。
107,3RFL9hE5cBocBsjD5XLJLQ,OFFICIAL HIGE DANDISM,Mixed Nuts,Mixed Nuts
108,278JqkBGkjDovOYAwE8TW7,OFFICIAL HIGE DANDISM,エスカパレード,115万キロのフィルム
109,6ts1KCOudfDYXYfyWtq0k1,milet;Aimer;Lilas Ikuta,おもかげ (produced by Vaundy),おもかげ (produced by Vaundy)
110,7LiepDAGkGwNGSN26zxz4h,Keane,Perfect Symmetry,Black Burning Heart
111,7iS42bQlCikTwqq3WGBS7g,OFFICIAL HIGE DANDISM,Pretender,Pretender - Acoustic Ver.
112,15HNdxGKNCIO9pgaY4n7FU,OFFICIAL HIGE DANDISM,Traveler,Pretender
113,6nqfKM9JvQIiuAuzWZFvGW,もさを。,ぎゅっと。,ぎゅっと。
114,1mY3E6zTjhjQD5SSy8ctgk,OFFICIAL HIGE DANDISM,White Noise,White Noise
115,3dPtXHP0oXQ4HCWHsOA9js,YOASOBI,夜に駆ける,夜に駆ける
116,6z1TvLTR0oOsWSJfDrERmj,ヨルシカ,夏草が邪魔をする,言って。
117,4gHD93RNqEhEh2NkYzl3x6,American Authors,"Oh, What A Life",Luck
118,0KbU8JVEE0q4ZlxR8sRy2z,Diskoria;FLEUR!;Tara Basro,Suara Disko,Suara Disko
119,27PRanKy26uAiDfV4khrXa,Chrisye;Tohpati,Senyawa,Panah Asmara
120,0wBdb4pmz0hyyI0M6ilZTy,Vira Talisa;Laze,Mejikuhibiniu,Mejikuhibiniu
121,33ALvsldNGJduk3Bqr7VjS,YOASOBI,E-SIDE,Haven't
122,3UCbRuJbsnEZeGLXefqeow,YOASOBI,E-SIDE 2,Just a Little Step
123,0T4AitQuq8IJhWBWuZwkFA,YOASOBI,群青,群青
124,6wKmxUeMJAoz2GpMrw95z5,YOASOBI,ハルカ,ハルカ
125,1w2tdCsX2yKFjbh3wHII94,YOASOBI,アドベンチャー,アドベンチャー
126,1di1C0QI6Y92yZPYn6XYAZ,KANA-BOON,TIME,シルエット
127,0PvuVoqa1IHCnTrNnltS70,Hikaru Utada,First Love (2022 Mix),First Love - 2022 Mix
128,0JyJVPi4IBCgj2wTRKb0yN,YOASOBI,Into the Night,Into The Night
129,0jFon5RVg19KlwNVnXVX0s,YOASOBI,E-SIDE 2,Haruka
130,4L9Iuupn2JTSCHSn8uVdD6,YOASOBI,E-SIDE,Tracing A Dream
131,3eGKvQ0eYpyl28lMo8ZT93,YOASOBI,Blue,Blue
132,5xwBIieMMFUmLDgvG4DjFe,Stacey Ryan,Fall In Love Alone,Fall In Love Alone
133,4Dvkj6JhhA12EX05fT7y2e,Harry Styles,As It Was,As It Was
134,63HOI1ZQekgKJZedAayfqw,Diskoria;Afifah Yusuf,Pelangi Cinta,Pelangi Cinta
135,4JHg4nNYUJQ5HULcCmI18R,Two Door Cinema Club,Tourist History,What You Know
136,5qqabIl2vWzo9ApSC317sa,Oasis,(What's The Story) Morning Glory? [Remastered],Wonderwall - Remastered
137,003vvx7Niy0yvhvHt4a68B,The Killers,Hot Fuss,Mr. Brightside
138,3BHmBDPkETBm3isxkgjUZK,Keane,The Best Of Keane (Deluxe Edition),Bend & Break
139,4mgiTb6ZCiq1VjeTvS5301,Keane,The Best Of Keane (Deluxe Edition),Everybody's Changing
140,7AQAlklmptrrkBSeujkXsD,Keane,The Best Of Keane (Deluxe Edition),Somewhere Only We Know
141,3sslLtK8rqYqWsd7hLZKSk,Keane,The Best Of Keane (Deluxe Edition),This Is The Last Time
142,36DrLw8kpZY9QJIxutgfRy,Keane,Perfect Symmetry,Perfect Symmetry
143,0eCQbSnDaGd6XTmuj3gX9v,Keane,The Best Of Keane (Deluxe Edition),Sovereign Light Café
144,31dHe2I4tzOKT0ypVpVsuu,Keane,The Best Of Keane (Deluxe Edition),Thin Air
145,01c65VW4oszVjYNOoLzymZ,Keane,The Best Of Keane (Deluxe Edition),Perfect Symmetry
146,0v318M5Tqy6AJIqOoR5Lwn,Keane,The Best Of Keane (Deluxe Edition),Staring At The Ceiling
147,3Nz8ypMx8xRmkhZoLWbCHf,Keane,The Best Of Keane (Deluxe Edition),To The End Of The Earth
148,43z6scIZU2QcEieMQFAJRG,Sixpence None The Richer,Sixpence None the Richer,There She Goes
149,2kyezitNXSQaIa1nsQRWVp,Sixpence None The Richer,Divine Discontent,Don't Dream It's Over
150,2eqvJD0b9ueAWwb7QSBGCW,Kings of Convenience,Peace Or Love,Rocky Trail
151,6239zrz5cKFCdssUalDS6y,Oasis,Be Here Now,Don't Go Away
152,0UvCh63URrLFcPkKt99hHd,Oasis,(What's The Story) Morning Glory? [Remastered],Don't Look Back in Anger - Remastered
153,6WEBwvsmpaoGxka0tSh5a7,Maroon 5,It Won't Be Soon Before Long (International Version),Won't Go Home Without You
154,3nqqDo8CcCLke3ZoTgiOKf,The Script,The Script,The Man Who Can't Be Moved
155,1Q0EFGHGCXrtdiKUwCfWno,Noah,Second Chance,Walau Habis Terang
156,0uwZzYxq4mOOPWh20OwHbB,Rivers Cuomo,Anak Sekolah,Anak Sekolah
157,1jUkHIMc7UaJQuzWe5Iop2,The Temper Trap,Conditions,Sweet Disposition
158,5LYMamLv12UPbemOaTPyeV,Harry Styles,Harry's House,Music For a Sushi Restaurant
159,4Dvkj6JhhA12EX05fT7y2e,Harry Styles,Harry's House,As It Was
160,7IgLqifP5QN3Fdj10saI7J,Sheila Majid,Warna,Warna
161,139nCjBRQCLgnWNRxBKAC7,Ozuna;GIMS;RedOne;FIFA Sound,Arhbo [Music from the FIFA World Cup Qatar 2022 Official Soundtrack],Arhbo [Music from the FIFA World Cup Qatar 2022 Official Soundtrack]
162,7zFSksDywNatvly0HLNpyO,Chrisye,Badai Pasti Berlalu,Serasa
163,3xOs9ujh6BiFN8eTIwEsbh,The Groove,The Best Of The Groove,Hanya Karena Cinta
164,3jjehnH4E0KENjcEGnK9nm,Shanty,9907,Hanya Memuji
165,2pAmTlBdwakFYj6WLKy8do,DEPAPEPE,ONE,ONE
166,4BsQ6HzywRiSHf45WXRft8,Two Door Cinema Club,Beacon,Sleep Alone
167,0jY618wuln0b5b8sCxFgjk,Jung Kook;BTS;FIFA Sound,Dreamers [Music from the FIFA World Cup Qatar 2022 Official Soundtrack],Dreamers [Music from the FIFA World Cup Qatar 2022 Official Soundtrack]
168,0wrwJwU9THaj1CrvmxsELO,Shanty,9907,Oh kasih...
169,27PRanKy26uAiDfV4khrXa,Chrisye,Senyawa,Panah Asmara
170,7ksyTo1b9u61TeciibXiEL,Ten2Five,I Will Fly,I Will Fly
171,3jMXORZIqN8biiXVJXP3vk,Raisa,Raisa,Serba Salah
172,0sA3OZTBMIEQgMj1OGXd5x,The Groove,"Mata, Telinga & Hati",Khayalan
173,6vT3knagrLr7hpLH0DBolg,DEPAPEPE,Kiss,青い鳥
174,6u2Lo5WktC33hwUrMukNrJ,Citra Scholastika,Pasti Bisa,Everybody Knew
175,5ytp4U6YLqNppQdhmmVvHu,Disclosure,Settle (Special Edition),F For You
176,3RgR3cFZ6xh7MlB9DURK6e,John Mayer,Born and Raised,Shadow Days
177,5yjxpAjgQeXTVFA6z1WJHD,Vina Panduwinata,Terbaik 1981 - 2006,Cinta
178,3ABVIB4QRVutz31C5uGSmP,Reza Artamevia,Keajaiban,Pertama
179,2DqU2wHDbrnEs2UMXP4xnU,The Groove,The Best Of The Groove,Khayalan
180,54xg4nxxcS08jsz7NOKEo0,Groove Bandit,Two Years After,Gelora Asmara
181,4dHsVLB9R31d7wAmTEpu44,Fariz RM,Best Of Fariz RM,Sakura
182,5TReP8XK4aTOe2m44ZjQqz,Tulus,Manusia,Tujuh Belas
183,2hHeGD57S0BcopfVcmehdl,Tulus,Manusia,Hati-Hati di Jalan
184,2qgjqbi96IAOBzZFC6H57U,Tulus,Manusia,Diri
185,7hMW54xnFEPdmVy4nBHp9H,Tulus,Manusia,Satu Kali
186,0DvhfhHlIE4HqgBX8yDJz3,Young Rising Sons,Carry On (Acoustic),Carry On - Acoustic
187,0AXGkZOT82NFepAV9FyDSY,Raisa,Love You Longer (Acoustic),Love You Longer - Acoustic
188,3Tm90zTQXKVR2q0KBXgC46,New Found Glory,"From The Screen To Your Stereo, Pt. II",Kiss Me
189,4Dm32oO01YpIubCHaAtKkN,Kelly Clarkson,All I Ever Wanted,My Life Would Suck Without You
190,1sTsuZTdANkiFd7T34H3nb,The Killers,Day & Age (Bonus Tracks),Human
191,6PwjJ58I4t7Mae9xfZ9l9v,The Killers,Hot Fuss,Somebody Told Me
192,3TwtrR1yNLY1PMPsrGQpOp,Five For Fighting,America Town,Superman (It's Not Easy)
193,1Bv3h7Vc4AaYA2BcSM3rVd,Paramore,Brand New Eyes,All I Wanted
194,2VYqkb77OjToeRAnMNd4yU,Paramore,Brand New Eyes,Misguided Ghosts
195,7l9IqDtVWJurTvkQHq1BGh,Tate McRae,she's all i wanna be,she's all i wanna be
196,6t44iU80A0h8WQ7vc4OoRj,Paramore,After Laughter,Fake Happy
197,3Tm90zTQXKVR2q0KBXgC46,New Found Glory,From The Screen To Your Stereo Part II,Kiss Me
198,5VAGZmCKBxYT85w51gNy27,Tulus,Monokrom,Tukar Jiwa
199,7BpYWzZwrsljT1eIjb0TqR,Paramore,After Laughter,Told You So
200,0C80GCp0mMuBzLf3EAXqxv,AC/DC,Back In Black,Shoot to Thrill
201,5OMCffelD9cnJCgG3xnHzU,Fall Out Boy;Foxes,Save Rock And Roll,Just One Yesterday
202,3znPiywA0q1VK2jgAZFDoI,Fall Out Boy,American Beauty/American Psycho,Irresistible
203,1oagRT7LfpVlNJN6FSZDGp,Fall Out Boy,Infinity On High,"This Ain't A Scene, It's An Arms Race"
204,2RJfK2pOvGpnxC255YOy5k,Paramore,After Laughter,Rose-Colored Boy
205,3AX4HIRJY6GT6tgMkO5987,Paramore,Paramore,Hate to See Your Heart Break
206,7hInOqJnlEayXao08yVYAn,Paramore,Brand New Eyes,Playing God
207,7JIuqL4ZqkpfGKQhYlrirs,Paramore,Brand New Eyes,The Only Exception
208,0w5Bdu51Ka25Pf3hojsKHh,Paramore,After Laughter,Hard Times
209,1yjY7rpaAQvKwpdUliHx0d,Paramore,Paramore,Still into You
210,3rG8ZkmKHb4Ms6CsSzEITv,Fall Out Boy,Infinity On High,"""The Take Over, The Breaks Over"""
211,3l9CW99AHtExIRV4hW2N5m,Paramore,Riot!,Misery Business
212,0UY4FvG4f9JI6kBR1BlWrZ,Paramore,Riot!,That's What You Get
213,1j8z4TTjJ1YOdoFEDwJTQa,Paramore,Paramore,Ain't It Fun
214,1a9YW7fATU351ok4zWjU7a,Paramore,Brand New Eyes,Brick by Boring Brick
215,4nGzmXgnEN3ezToEDb07TP,New Found Glory,Coming Home,Hold My Hand
216,04aAxqtGp5pv12UXAg4pkq,Fall Out Boy,American Beauty/American Psycho,Centuries
217,2gTLLRw4CBl709U3dRICEh,Coldiac,Beautiful Day,Beautiful Day
218,1U1qumuS2O5Qttw8G7UXOZ,Tulus,Tulus,Teman Hidup
219,2gSgc484oTYQUBHnoJTpKM,Shane Filan,Love Always,Heaven
220,7reNqRVI0aEGua98efgJta,The Maccabees,Given To The Wild,Grew Up At Midnight
221,1xRP7GwKppuawKo4CbiTl2,3 Composers,Bangun Cinta,Bangun Cinta
222,0UOxp1BpnD8uPQMKU4wKjz,Eric Clapton,461 Ocean Blvd. (Deluxe Edition),I Shot The Sheriff
223,1kgdslQYmeTR4thk9whoRw,Eric Clapton,Rush (Music from the Motion Picture Soundtrack),Tears in Heaven
224,2GGskYwS4j8LDMSDUJ8vrl,Eric Clapton,Pilgrim,My Father's Eyes
225,5cE1jlOiM99F4l8ZIzcDZS,DEPAPEPE,DEPAPEPE ALL TIME BEST〜COBALT GREEN〜,Charge & Go.
226,2VUrq4rmJLhDRWbZcT52Ss,Yeni Inka,Buih Jadi Permadani,Buih Jadi Permadani
227,67wD6CgS35xXBVFUEjoC6I,Yeni Inka,Mendung Tanpo Udan,Mendung Tanpo Udan
228,0Z54rUZ81Vn0qphFR3jXUb,Ndarboy Genk,Mendung Tanpo Udan,Mendung Tanpo Udan
229,5c8Yuef8DL7Okp8Y9KhJMK,Happy Asmara,Lemah Teles,Lemah Teles
230,5pjJmCYsCzg2xRJHDq18kq,Woro Widowati,Top Topan,Top Topan
231,2qFc0jWjD602lVz63XfGrm,Via Vallen,Aku Ra Mundur (Tepung Kanji),Aku Ra Mundur (Tepung Kanji)
232,17yog0bsFVvumvOuux03wM,Wandra Restusiyan;Esa Risty,Cidro 2,Cidro 2
233,6UC5ZI2p6oI6ukaZGxjQ89,Ndarboy Genk,Ambyar Mak Pyar,Ambyar Mak Pyar
234,1J6ws7eOvY1GKzTdd3rrau,Yeni Inka,Angel,Angel
235,6rKydpFW3QTBu172RRFkKS,Woro Widowati,Aku Bukan Jodohnya,Aku Bukan Jodohnya
236,6BW8NzHPohcVNiYcU9HfoP,Ada Band,Tak Lagi Cinta,Tak Lagi Cinta
237,2GGskYwS4j8LDMSDUJ8vrl,Eric Clapton,Forever Man,My Father's Eyes
238,5BmagRD7Thki6O1zZwbxBy,The Ataris,"So Long, Astoria",The Boys of Summer
239,5PUawWFG1oIS2NwEcyHaCr,Fall Out Boy,American Beauty/American Psycho,Uma Thurman
240,4ePP9So5xRzspjLFVVbj90,Spin Doctors,Pocket Full Of Kryptonite,Two Princes
241,0l4DTppOxy7NUaEcwXuOb6,Neon Trees,Habits (Spotify),Animal
242,4IGKv5K4HbAfufzf2OUEg0,Keane,Strangeland,On The Road
243,6uhX8XyLrtVqW5FQmzx7xW,ONE OK ROCK,Eye of the Storm,Giants
244,1OEKNjrCnModm8cHJ7hRXc,ONE OK ROCK;Kiiara,Eye of the Storm,In the Stars (feat. Kiiara)
245,6IkCiHgvNknENRSCVSi4qF,ONE OK ROCK,Eye of the Storm,Worst in Me
246,5YpVojtXG3TMF52vMcWvqC,ONE OK ROCK,Eye of the Storm,Grow Old Die Young
247,3fSdTVHwb8ZyiYAFSE00qd,ONE OK ROCK,人生×僕=,Deeper Deeper
248,7B2SMMslfm3Ocf7ZnTa5dS,John Mayer,Heavier Things,New Deep
249,5S3NpJBqacEUrxceiAy5lI,John Mayer,Born and Raised,"Walt Grace's Submarine Test, January 1967"
250,0seE1aF8gzSPH79Dcvcbw2,John Mayer,Room For Squares,83
251,7BgGj9choLPeJJOflkaAhB,John Mayer,Battle Studies,Do You Know Me
252,4UoJ14X24nu9YGwE1r0JOy,John Mayer,Heavier Things,Home Life
253,1JSTJqkT5qHq8MDJnJbRE1,The Police,Synchronicity (Remastered),Every Breath You Take
254,0xmjwnQ3FNE6HuWCt2nHdZ,Black Eyed Peas,Elephunk,Where Is The Love?
255,5qqabIl2vWzo9ApSC317sa,Oasis,Stop The Clocks,Wonderwall - Remastered
256,2zI9NSx3dncJHCw0QClcx0,New Hope Club;Danna Paola,New Hope Club,Know Me Too Well (with Danna Paola)
257,2EKxmYmUdAVXlaHCnnW13o,Boyce Avenue;Megan Nicole,"Cover Sessions, Vol. 2",Heaven
258,6IMBI6ZpIPUc26hTXr8EjV,Andien,この世の美しさ (Indahnya Dunia Japanese Version),この世の美しさ - Indahnya Dunia Japanese Version
259,1AP2yPeCHbbYZmqr6kWDVV,Masaaki Kishibe,The End of the World,The End of the World
260,70H7igMoR8VWGbqAEEYRHA,ONE OK ROCK,Eye of the Storm,Head High
261,4zXRMjTaeflesB3Ih4eHnJ,ONE OK ROCK,Eye of the Storm,Stand Out Fit In
262,39LyUQIy7idLxPdsjyZsxe,ONE OK ROCK,Eye of the Storm,Wasted Nights
263,3KajF6MAAspVyWsMp4fvsn,Once Mekel,Songs To Remember,Symphoni Yang Indah
264,0X7K8nxTgOBUr5VMTLG8hS,Isyana Sarasvati,Paradox,Winter Song
265,3JAtGMn8AKWoSMlY1aGtmC,Ariel NOAH;Difki Khalif,Cinta Yang Diam,Cinta Yang Diam
266,1eZw2B8aqQSAhQtHcKmtB2,Tatsuya Maruyama,ISLAND,MEGURU - HOLIDAY ver.
267,42si4ikg5dh732gPuQ0xHb,Diskoria;Laleilmanino;Eva Celia,C.H.R.I.S.Y.E.,C.H.R.I.S.Y.E.
268,1nrARHMF5B99wQhtymWCPR,Sixpence None The Richer,The Best Of Sixpence None The Richer,Kiss Me - Japanese Version
269,79z7dHVpP3ODaat0CK29db,Sixpence None The Richer,AOL Sessions,Kiss Me - AOL Sessions Acoustic Version
270,71ck7QnubXzGGj3hE49dvk,Pamungkas,One Only (Acoustic),One Only - Acoustic
271,3o4nMGqSQrvOPpR39O7wwC,Adhitia Sofyan,Quiet Down,Blue Sky Collapse
272,2rGGLCSkv9ISfH64KSYFBj,Tulus,Monokrom,Cahaya
273,4UucLisbPzUcqYCE6cQX2z,Adhitia Sofyan,Forget Your Plan,Forget Jakarta
274,3843qh8Ih59FwSCDzPigNU,Adhitia Sofyan,Quiet Down,Adelaide Sky
275,7AtsEX4pJqmAaIajlMwaPU,John Mayer,Where the Light Is: John Mayer Live In Los Angeles,"Neon - Live at the Nokia Theatre, Los Angeles, CA - December 2007"
276,3zMvotMEQK3xvH01vA9wAP,Daft Punk,Discovery,Too Long
277,3UITC82LXRFtXOv4UtuIz1,Noah,Sings Legends,Andaikan Kau Datang
278,5inDa3sWj8zqJBOdj7Bjqc,JP Saxe,"Hey Stupid, I Love You","Hey Stupid, I Love You"
279,3Be7CLdHZpyzsVijme39cW,Kygo;Tina Turner,What's Love Got to Do with It,What's Love Got to Do with It
280,7G14vaFB8EygiIiE2rWvSQ,DEPAPEPE,One,恋水
281,2lFlveK1y13WWp3vnQtrr3,Five For Fighting,The Battle for Everything,100 Years
282,0YAMQSmHk6BSUGTYpaoqTJ,ONE OK ROCK,Niche Syndrome,Wherever you are
283,6GzApXoBQiiAjak3tOQfV3,5 Seconds of Summer;Julia Michaels,Lie To Me (feat. Julia Michaels),Lie To Me (feat. Julia Michaels)
284,6VBIyzK6IXWOhdW6Pwf7ju,Gerald Situmorang;Sri Hanuraga,Meta,Rintik Hujan
285,7y2WciCljwSDX42hBuYqF1,Kotaro Oshio,Dramatic,カノン
286,7n5nvulc1oW1ErpeTrNezI,Anneth,Mungkin Hari Ini Esok Atau Nanti,Mungkin Hari Ini Esok Atau Nanti
287,224atdPauEbKCbcz7a2JwK,Rahmania Astrini,Aku Cinta Dia,Aku Cinta Dia
288,47NWiJM0fRFFfoG79otFM3,Eka Gustiwana;Yessiel Trivena,Demi Raga Yang Lain,Demi Raga Yang Lain
289,1qYKWcEOrh2tM8PlgIm8K1,Surfaces,Where the Light Is,Sunday Best
290,6twQJ2KMwNzODCY0HzXP2E,Sofi Tukker;NERVO;The Knocks;ALISA UENO,Treehouse,"Best Friend (feat. NERVO, The Knocks & ALISA UENO)"
291,5ri4zqtWhG07hIuNNDWP76,Tones And I,Fly Away,Fly Away
292,61QPGYTVe7rzRFKf1zh4GN,Ruelle,Good Day for Dreaming,Good Day For Dreaming
293,0lsRatBUs9HNIZAmoGABzk,SHAED,MELT,Trampoline
294,4WiiRw2PHMNQE0ad6y6GdD,The 1975,The 1975,Chocolate
295,7lRlq939cDG4SzWOF4VAnd,My Chemical Romance,Three Cheers for Sweet Revenge,I'm Not Okay (I Promise)
296,1H5tV0SkvBqxGllQ3HEVSy,Yura Yunita;SIVIA;Agatha Pricilla;Nadin Amizah,"Reflection (From ""Mulan"")","Reflection - From ""Mulan"""
297,3BWbj5NXUgr0hK7PmFSI9D,The Griswolds,Be Impressive,16 Years
298,2J3n32GeLmMjwuAzyhcSNe,The Mowgli's,Waiting For The Dawn,"Say It, Just Say It"
299,4SA3UcN7BUKi80MGVkTN2c,Tatsuya Maruyama,close to me,close to me
300,77Y57qRJBvkGCUw9qs0qMg,John Mayer,The Search for Everything,In the Blood
301,0ZEYRVISCaqz5yamWZWzaA,Budi Doremi,Melukis Senja,Melukis Senja
302,5QDLhrAOJJdNAmCTJ8xMyW,BTS,Dynamite (DayTime Version),Dynamite
303,3yOGJl4EjmGjj9QdLD59jA,DEPAPEPE,Acoustic & Dining,あの橋を渡ろう
304,64KAAGUa6r4MXBJq1zTylH,Noah,Kala Cinta Menggoda,Kala Cinta Menggoda
305,77vx7sGjdqwdnQL968t8oY,Pamungkas,Walk The Talk,Monolog
306,1Cv0JCfn38R3qQ0xYAlETH,The Macarons Project,Somewhere Only We Know (Acoustic),Somewhere Only We Know - Acoustic
307,6mf7BNgXs8JipPr2QILnyN,Coldplay,Everyday Life,Champion Of The World
308,6cebiKUXkoLYlaxzDfEPtS,Adhitia Sofyan,Forget Your Plan,Gaze
309,6pJYBycyJ8WtzDMJaOdof8,Yellow Claw;Weird Genius;Reikko;Feel Koplo,Yellow Claw & Weird Genius - HUSH Ft. Reikko (Feel Koplo Remix),Hush - Feel Koplo Remix
310,06pezDUwqVsUfpBNw6uJir,Weird Genius;Sara Fajira,LATHI (with Sara Fajira),LATHI (with Sara Fajira)
311,36WGuAu92pIEEPVOCYUXJ2,Peterpan,"Sebuah Nama, Sebuah Cerita",Cobalah Mengerti
312,5y1hZ4rm0NSvnqtwD6eJ8Y,Peterpan,Taman Langit,Satu Hati
313,41P0Uegxi3ET1QjTJvnWyh,Peterpan,Taman Langit,Semua Tentang Kita
314,4p7IAleWshNIxPZgXjuAxZ,Ten2Five,3,You - 2007 Remaster
315,1BaGfrlIWinaF77p7QASBH,Sheila On 7,07 Des,Seberapa Pantas
316,2ZUZS4lQnZlCzVornsni4Y,Ten2Five,Journey,Love Is You
317,5YdOe7kxJjeOTNm1sNWeNS,Peterpan,"Sebuah Nama, Sebuah Cerita",Walau Habis Terang
318,52Z28hjK31wudUscWv1UjR,Sheila On 7,Berlayar,Hari Bersamanya - Accoustic Version
319,5D5wUmhN0uIWnPb6mNOBiN,Pasto,The Best Of Pasto,Tanya Hati
320,7HhKuJbtiNbZsEDLNQvOnH,Daniel Bedingfield,Gotta Get Thru This,If You're Not The One
321,2oUwZFTl9SXGBoJn7BWnit,Gareth Gates,What My Heart Wants To Say,Anyone of Us (Stupid Mistake)
322,19rgNnF7HxInMjENYIyv4V,Michael Learns To Rock,Nothing to Lose,Paint My Love - 2014 Remaster
323,43wROOsAEK0F3Fu46Vjn7W,Shane Filan,Love Always,Beautiful In White
324,3UpS7kBnkVQYG13pDDFTC4,Backstreet Boys,Backstreet's Back,As Long as You Love Me
325,5c41XA3sxiOD3cWkf1Gzki,Ziva Magnolya,Tak Sanggup Melupa #terlanjurmencinta,Tak Sanggup Melupa #terlanjurmencinta
326,0b6Xkt4ThYUbaIDSYfoswp,DEPAPEPE,The Collections,Hello
327,7mpzqD72wqZ51rImVpukXj,DEPAPEPE,Colors,Color
328,1KjujcBs3FUZCVjihkwwPm,DEPAPEPE,Seek,School days
329,4A70d6GK98tVsZc3Fx3ICW,DEPAPEPE,Seek,GUILTY
330,13RCZIJJlZCaacN53rLEtc,DEPAPEPE,Colors,Letter from the forest
331,4pekUCjYdBVJSjrouT7Qiu,DEPAPEPE,Depapepe All Time Best - Cobalt Green -,キミドリ
332,5a6O3u0KoF5wdPX3yLlwWE,DEPAPEPE,Do!,Sailing
333,1PuVmoWVhluEGS0hh8UXJU,DEPAPEPE,The Collections,Pride
334,7cE4vyUd3CPewUSFJ05xh9,DEPAPEPE,Depafuyu Hare Tokidoki Yuki,TIME
335,72VbzgAJsxKoMi7S3Awkeo,DEPAPEPE,Seek,in your eyes
336,7CCY00I0MjRSqRmhA0Ak1s,DEPAPEPE,The Collections,Start
337,257hjgmCDF0yNzHItdR8Ml,DEPAPEPE,Depapepe All Time Best - Indigo Blue -,Kiss
338,4ANEFurCMqNfP5fsBqFAaK,DEPAPEPE,Depapepe All Time Best - Indigo Blue -,Sky!Sky!Sky! '07 ver.
339,4ANEFurCMqNfP5fsBqFAaK,DEPAPEPE,Depa Natsu Drive! Drive!! Drive!!!,Sky!Sky!Sky! '07 ver.
340,70OsInDm5ouAuAPC4yNo3B,DEPAPEPE;Hachimitsu To Clover,Depapepe All Time Best - Cobalt Green -,Night & Day
341,7jxj7BVeZF4dkCjzBeyPkz,DEPAPEPE,Depapepe All Time Best - Cobalt Green -,星の数だけ願いは届く
342,4nk2MidqhkxuxbTDzJzwnE,DEPAPEPE,Hop! Skip! Jump!,Ready! GO!!
343,3BnL8oxMbithMy9Bn7U7qh,DEPAPEPE,Depapepe All Time Best - Cobalt Green -,Marine Drive
344,0iLTAAlYXq4CiHdRMJPb2S,DEPAPEPE,Depa Natsu Drive! Drive!! Drive!!!,Over the Sea
345,7CHktR2rdDQWBVM3w68K7A,Ariel NOAH,もしもまたいつか (Moshimo Mata Itsuka),もしもまたいつか (Moshimo Mata Itsuka)
346,19Md3QtTuHJyxptkRKf15p,Michael Learns To Rock,Colours,Sleeping Child - 2014 Remaster
347,1ngsX5PLBDW5EcMElEofvA,Sidney Mohede,The Rescue,Make You Feel My Love
348,3ZyMRe0jlSqffPBMeHUZFX,Dewa 19,Kerajaan Cinta,Kangen
349,3Jx6apzpRnf9MPmZv13LOj,Bondan Prakoso;Fade2Black,For All,Not With Me
350,4p7IAleWshNIxPZgXjuAxZ,Ten2Five,Journey,You - 2007 Remaster
351,0MAIxtXWimwhAAQOST9jp7,Adhitia Sofyan,8 Tahun,Sesuatu Di Jogja
352,4Y1h9b1wlHgRRJsfbFe9lV,Rendy Pandugo,The Journey,I Don't Care
353,5lSbPJXIwl2zS160dBsa3T,DEPAPEPE,Depapepe All Time Best - Cobalt Green -,いい日だったね。
354,3R0FDwQSXOiO5gaOZFxKZ5,Weird Genius;Prince Husein;Eka Gustiwana;Reza Oktovian;Billy Taner,Sweet Scar,Sweet Scar
355,37Esp6rBYhZa8pxJs5xzIV,Glenn Fredly,OST. Cinta Silver,Kisah Romantis
356,7hUIyCWlieYBICMoa3SynY,Monita Tahalea,Dandelion,Memulai Kembali
357,6XMGIUnmqmGxfB6ggxMBoh,Raisa,Handmade,Love You Longer
358,5ZLj8uIUqhnxFxKxyTTH5l,DEPAPEPE,The Collections,Snow　Dance　winter　session
359,70OsInDm5ouAuAPC4yNo3B,DEPAPEPE;Hachimitsu To Clover,Depafuyu Hare Tokidoki Yuki,Night & Day
360,0u07bv0Xa79Z1LZGQlj4zk,DEPAPEPE,Acoustic & Dining,ツバメ
361,7glkHWgmmW9WDhIjFU5Fq5,DEPAPEPE,One,beautiful wind
362,0WQq7TJEzr7x21eJu0rtNq,DEPAPEPE;Kazuma Miura,Seek,Love Letter
363,7jxj7BVeZF4dkCjzBeyPkz,DEPAPEPE,Depa Natsu Drive! Drive!! Drive!!!,星の数だけ願いは届く
364,3x2ksaXI6EZUWidE2BiLXy,Shania Twain,Come On Over,You're Still The One
365,0Uqs7ilt5kGX9NzFDWTBrP,Backstreet Boys,Backstreet Boys,Quit Playing Games (With My Heart)
366,6PuaQbH3oPmj9XojS0SRaO,98º,The Collection,The Hardest Thing
367,0vB4Vd6PtkJSEnWsmqATnZ,George Benson,20/20,Nothing's Gonna Change My Love for You
368,1DEn0jMxP3QEEyYBFHYCU0,Ysabella,I Like You So Much You'll Know It,I Like You So Much
369,1lgtfCEsMpIIwvlPZvrL9h,Yellow Claw;Weird Genius;Reikko,Hush,Hush
370,1bQhZOoXYqjXs7u7rFXo0h,James TW,Chapters,You & Me
371,0gFYaybc4gOzplkux4iA8Z,American Authors,"Oh, What A Life",Hit It
372,6GQLX6Z28fYwDNCrhaKzYF,Two Door Cinema Club,Tourist History,Undercover Martyn
373,3JxaZPq4UjkOaxnpyMUtAC,WALK THE MOON,TALKING IS HARD,Avalanche
374,5L95vS64rG1YMIFm1hLjyZ,Bleachers,Strange Desire,Rollercoaster
375,6SlZp9UeLRIuw92j96dcjU,Two Door Cinema Club,Changing of the Seasons,Changing of the Seasons
376,2O9O26335YYVckmRgPKY3s,Empire of the Sun,Alive,Alive
377,6GGODyP2LIdbxIfYxy5UbN,Elon “EDM” Musk,Don’t Doubt ur Vibe,Don’t Doubt ur Vibe
378,3GTXok0dIm0mMqBiVklBYS,The Royal Concept,Royal,On Our Way
379,04caEZhAsQKnWqKsMwk9ud,Foals,Holy Fire,My Number
380,0P2HAFu7RnkfPnkimNi7I5,Nico & Vinz,Black Star Elephant,When the Day Comes
381,2ZvsMMI4aOkMUo92MKQzFI,Kwabs,Walk,Walk
382,5GOSzDw4CGK2j5EmyisPmA,You Me At Six,Cavalier Youth,Lived a Lie
383,6aXtxvJHRxpzbG6ngFvLyP,Kovic,Running Underwater,Drown
384,6l6kHOedq6bqmA00oUSsvF,Paper Route,Chariots,Chariots
385,3ou5dqrGKx6XHeYWUiaaPM,GROUPLOVE,Spreading Rumours (Deluxe),I'm with You
386,3I4cCWNM3jK1Hhk5Qs3rPF,Guards,In Guards We Trust,I Know It's You
387,4q8ce3VGQzroZzwrRhRwKf,Olympic Ayres,Magic,Magic
388,1Cicn7ce1xoVlq8gthE2eX,Sofi Tukker;NERVO;The Knocks;ALISA UENO,"Best Friend (feat. NERVO, The Knocks & ALISA UENO)","Best Friend (feat. NERVO, The Knocks & ALISA UENO)"
389,0gFYaybc4gOzplkux4iA8Z,American Authors,American Authors,Hit It
390,2UO6VQNKdwygetKaVCe39h,Rex Orange County,Apricot Princess,Never Enough
391,5ytp4U6YLqNppQdhmmVvHu,Disclosure,Settle (Deluxe),F For You
392,5yUXyXZSG80niT5hkh7ucf,Atlas Genius,When It Was Now,If So
393,4RBS1yufNMj1fFxeWgj7ra,Gromee,Share The Joy,Share The Joy
394,0rohJsT6NWsThpukt0Xxdc,Martin Garrix;John Martin,Higher Ground (feat. John Martin),Higher Ground (feat. John Martin)
395,4HlFJV71xXKIGcU3kRyttv,Train,"Save Me, San Francisco (Golden Gate Edition)","Hey, Soul Sister"
396,5qaEfEh1AtSdrdrByCP7qR,Imagine Dragons,Night Visions,Demons
397,0NlGoUyOJSuSHmngoibVAs,Kodaline,In A Perfect World (Expanded Edition),All I Want
398,7rdtBpPpe4knfd7aD98h9X,Michael Learns To Rock,Michael Learns To Rock,Take Me to Your Heart
399,2ccW4vFSVKRgVjkZzvdjRw,Michael Learns To Rock,Strange Foreign Beauty,That's Why You Go Away
400,6LMTqDK4uVR8XsCzel1nkH,Kygo;St. Lundi,Golden Hour,To Die For
401,73h6Ma5QhBFrshEN2CTevS,Kygo;Zac Brown,Golden Hour,Someday
402,4gGIqmBDfECUFBOSYOoW3a,Kygo;Joe Janiak,Golden Hour,Follow
403,6DsFZITJMPnh8z5XewfVmL,Kygo;Kodaline,Raging (feat. Kodaline),Raging (feat. Kodaline)
404,3Kuu5vASpXK8oRsxOvau6P,Kygo;Valerie Broussard,Think About You,Think About You
405,745bEQatiiXDtBe1AdQY2P,Kygo;Sandro Cavazza,Golden Hour,Beautiful
406,4QWSk7Ynu34r3EOHSwp9nI,U2;Kygo,Stargazing - EP,You’re The Best Thing About Me - U2 Vs. Kygo
407,23g0Wr4Zb4xUN4VqYI8UiB,Mirriam Eka,I Will Fly,I Will Fly
408,5vDjcNbN4m9fxWcrpR64Wu,Kygo;Patrick Droney;Petey Martin,Golden Hour,Say You Will
409,5Gj1wG8b12VQdEd3hUuSwo,Kygo;Zak Abel,Freedom,Freedom
410,6Q3K9gVUZRMZqZKrXovbM2,Kygo;Sasha Alex Sloan,I'll Wait,I'll Wait
411,3frUvGrmGcay91lvFbOgsN,Kygo;Zara Larsson;Tyga,Like It Is,Like It Is
412,6oJ6le65B3SEqPwMRNXWjY,Kygo;Whitney Houston,Higher Love,Higher Love
413,3o1CUVeHIid49sabk6A6Nf,Kygo;Avicii;Sandro Cavazza,Forever Yours (Avicii Tribute),Forever Yours - Avicii Tribute
414,7xbWAw3LMgRMn4omR5yVn3,Kygo;OneRepublic,Lose Somebody,Lose Somebody
415,6sonAwZ8ruHZVzdAwDYsfk,Kygo;John Newman,Kids in Love,Never Let You Go (feat. John Newman)
416,0ecC8p17cDNlxHXkuYqeR6,Natalie Taylor,Surrender,Surrender
417,4HBZA5flZLE435QTztThqH,Ariana Grande;Justin Bieber,Stuck with U,Stuck with U (with Justin Bieber)
418,4zATlrA9Lf9zHGLvEP47Ei,Honey Jemlan,Lost In Music,"I Like You So Much, You'll Know It"
419,1lNHWPDvKEbamKezpLq7HW,HONNE,no song without you,no song without you
420,2gMXnyrvIjhVBUZwvLZDMP,Lewis Capaldi,Divinely Uninspired To A Hellish Extent (Extended Edition),Before You Go
421,2ZdFqhcffO1ULUhCKXfHIx,DEPAPEPE,Kiss,Life is a Journey
422,5KHxaN8OtPRuaxNqdVYH9j,Coasts,Coasts (Deluxe Edition),Oceans - New 2015 single version
423,5RKQ5NdjSh2QzD4MaunT91,Journey,Escape (Bonus Track Version),Don't Stop Believin' (2022 Remaster)
424,40riOy7x9W7GXjyGp4pjAv,Eagles,Hotel California (2013 Remaster),Hotel California - 2013 Remaster
425,1kKYjjfNYxE0YYgLa7vgVY,Kygo;Whitney Houston,Golden Hour,Higher Love
426,2nx0EIlIKMnMgWnj40O0HQ,Kygo;Zak Abel,Golden Hour,Freedom
427,35mMXfym6C9VOTUVrcKKZp,Sigala;Ella Henderson,We Got Love,We Got Love
428,57YMEPQhEy5F5Q715mW0n8,Natalie Taylor;Martin Jensen,Surrender (Martin Jensen Remix),Surrender - Martin Jensen Remix
429,1oXyjAY4Zxl3oABikQmL6c,Davai;Lovespeake,Broken Hearts,Broken Hearts
430,3jsyRSD1GcTNHucQDT9hMq,Clay Aiken,A Thousand Different Ways,Right Here Waiting
431,754kgU5rWscRTfvlsuEwFp,Sixpence None The Richer,Sixpence None the Richer,Kiss Me
432,5LhSIkQhAkINBgQZIyzS1i,Glenn Fredly;Audy,"Selamat Pagi, Dunia!",Terpesona
433,1sgDyuLooyvEML4oHspNza,Kygo;OneRepublic,Golden Hour,Lose Somebody
434,2W5okrcUdy35nWqhY9Oy6J,Ten2Five,Journey,I Will Fly - Alternate Version
435,3kgKVcBpBGuSeaEC0AZGlb,Lil Nas X;Billy Ray Cyrus;Diplo,Old Town Road (Diplo Remix),Old Town Road - Diplo Remix
436,2YSbHu9XF4bNYWt3MnIhgE,Panic! At The Disco,Suicide Squad: The Album,Bohemian Rhapsody
437,7l1qvxWjxcKpB9PCtBuTbU,Bruno Mars,Doo-Wops & Hooligans,Count on Me
438,2sFp6E7lNBbblJGmUtCfFH,Westlife,Coast To Coast (Expanded Edition),Uptown Girl - Radio Edit
439,0V82wcNlunw76nvvmPL9tk,Westlife,Coast To Coast (Expanded Edition),I Lay My Love on You - Remix
440,1ldZTHOK49s7Day3wkx0is,Westlife,Dynamite,Dynamite
441,523WUV77jFBx3fbeJTOWZ6,Westlife,Westlife,Seasons in the Sun
442,5OTsspiqZPQPPuouZtjykB,Westlife,Better Man,Better Man
443,1vYZywcjdbPUnsEP43it0q,Westlife;Bernard Löhr,Coast To Coast (Expanded Edition),Soledad
444,5p0ietGkLNEqx1Z7ijkw5g,Westlife,Coast To Coast (Expanded Edition),My Love
445,3St0RlsL0Z0klK1mqWakQm,Westlife,Westlife,If I Let You Go - Radio Edit
446,5vFxnu2jkxn8vTA185oH10,Westlife,Coast To Coast (Expanded Edition),Somebody Needs You
447,46n2EGFnPC3tzWCN1Aqe26,*NSYNC,No Strings Attached,This I Promise You
448,1Eb90nmqTrxylKFhcUzW8P,Bryan Adams,Waking Up The Neighbours,(Everything I Do) I Do It For You
449,35o9a4iAfLl5jRmqMX9c1D,Backstreet Boys,Black & Blue,Shape of My Heart
450,754kgU5rWscRTfvlsuEwFp,Sixpence None The Richer,Greatest Hits,Kiss Me
451,3nWVWOrglwp8zmR2qdYyOU,Westlife,Westlife,Change the World
452,48Z2SNlg5AExc6FW7gD3Tt,Westlife,Westlife,I Don't Wanna Fight
453,7pWK1kMgHy5lNNiIfuRbkP,Martin Garrix;Dean Lewis,Used To Love (with Dean Lewis),Used To Love (with Dean Lewis)
454,0EdgK7ASb4kfRkW8pVMN02,Sam Feldt;Sigma;Gia Koka,2 Hearts (feat. Gia Koka),2 Hearts (feat. Gia Koka)
455,0fiijtFXDJ9MOVwgSaEQJ5,Andy Grammer,Naive,Don't Give Up On Me
456,2MKXUXZIViCGpoFyysFpoj,Sheppard,Coming Home,Coming Home
457,12Ueu4dNhQn6buHxWDsC8Q,Martin Garrix;Dean Lewis;Bart B More,2019 Remixed,Used To Love (with Dean Lewis) - Bart B More Remix
458,5Tybis9p4M4TX2gJM8iqgh,The Calling,The Best Of...,Wherever You Will Go - Acoustic
459,1NhPKVLsHhFUHIOZ32QnS2,OneRepublic,Waking Up,Secrets
460,0a7BloCiNzLDD9qSQHh5m7,Fall Out Boy,From Under The Cork Tree,"Dance, Dance"
461,2pUpNOgJBIBCcjyQZQ00qU,Passenger,All The Little Lights,Let Her Go
462,1YuUPfLPOyvB1QYDKam0tc,Vanessa Carlton,Hear The Bells,A Thousand Miles - Acoustic
463,06pezDUwqVsUfpBNw6uJir,Weird Genius;Sara Fajira,LATHI (ꦭꦛꦶ),LATHI (with Sara Fajira)
464,2rlWkJW5cr5i95PlP0rSaF,Hindia;Dipha Barus,Secukupnya (Dipha Barus Remix),Secukupnya - Dipha Barus Remix
465,7Ewz6bJ97vUqk5HdkvguFQ,Bryan Adams,Reckless (30th Anniversary / Deluxe Edition),Heaven
466,49kjlZP49LMD1MrrcvXDET,The Script,Science & Faith,For the First Time
467,0KTfZWEWivacSuZSjUe7JS,Counting Crows;Vanessa Carlton,Films About Ghosts (The Best Of Counting Crows),Big Yellow Taxi
468,2Y6uY65ZwKl9WbVOvKyZg6,Counting Crows,Accidentally In Love (From Shrek 2 S/T),"Accidentally In Love - From ""Shrek 2"" Soundtrack"
469,5tVA6TkbaAH9QMITTQRrNv,Tom Petty,Greatest Hits,Free Fallin'
470,1DhJgI2oAsDeDVSD5TNPCF,Arsy Widianto;Brisia Jodie,Rindu Dalam Hati,Rindu Dalam Hati
471,2TfSHkHiFO4gRztVIkggkE,Fall Out Boy,From Under The Cork Tree,"Sugar, We're Goin Down"
472,1zB4vmk8tFRmM9UULNzbLB,Imagine Dragons,Evolve,Thunder
473,1y3bE5i57eUm3hfLAc7h08,Imagine Dragons,Evolve,Walking The Wire
474,22O2Zdfj3jnJZDSzlDMAJp,Alan Walker;Ruben,Heading Home,Heading Home
475,1ahVFh0ViDZr8LvkEVlq3B,Martin Garrix;Bonn,No Sleep (feat. Bonn),No Sleep (feat. Bonn)
476,0AXGkZOT82NFepAV9FyDSY,Raisa,Love You Longer (Acoustic),Love You Longer - Acoustic
477,0mOLyv1GL4sIuzVR1I92Fb,Yovie Widianto;Tulus;Glenn Fredly,Adu Rayu,Adu Rayu
478,1Dr1fXbc2IxaK1Mu8P8Khz,Green Day,Dookie,When I Come Around
479,4c7xQ7OsqL6W4RwEQmID7g,Fall Out Boy,Infinity On High,"This Ain't A Scene, It's An Arms Race"
480,01beCqR9wsVnwzkAJZyTqq,Pamungkas,Walk The Talk,I Love You but I'm Letting Go
481,4xKPZYZrpdFJIsN6wYtIk2,bearbare,Cup of Coffee,Cup of Coffee
482,4LloVtxNZpeh7q7xdi1DQc,John Mayer,Where the Light Is: John Mayer Live In Los Angeles,"Free Fallin' - Live at the Nokia Theatre, Los Angeles, CA - December 2007"
483,1tS1dRfxIV9FzqdYTbJgMn,Pamungkas,Walk The Talk,Kenangan Manis
484,3wC2GeJd3Ar4Wi1u5G7FUR,Tiara Andini,Gemintang Hatiku,Gemintang Hatiku
485,1WH96QFPIhxlnATR0K90KX,HONNE,Gone Are the Days (Shimokita Import),3am
486,6A1GBCMwbfhkB9e1thR8a8,HONNE;Georgia,Location Unknown ◐ / 306 ◑,Location Unknown ◐
487,10CbwBfusPvPWuzuTLeMdm,Mawar de Jongh,Sedang Sayang Sayangnya,Sedang Sayang Sayangnya
488,0jdeV5dSB3kUBRqe1xQJbh,Ryan Cabrera,Take It All Away (U.S. Version),True
489,4nK5YrxbMGZstTLbvj6Gxw,BENEE;Gus Dapperton,STELLA & STEVE,Supalonely
490,7qEHsqek33rTcFNT9PFqLf,Lewis Capaldi,Divinely Uninspired To A Hellish Extent,Someone You Loved
491,3TQbr3G3U5wlwEJejmqC1F,John Mayer,The Search for Everything,Never on the Day You Leave
492,6mXdCcFnPKQznj4CmMRmHC,Lauv;LANY,~how i'm feeling~,Mean It
493,2RSHsoi04658QL5xgQVov3,Imagine Dragons,Origins (Deluxe),Bad Liar
494,1SmG7OvvBIPFprdKI8ENHD,Matt Quentin;Rinca Yang,Westbound,Find a Way
495,5qBt3KpmTSLYKbHZHkFBnv,Taiyo Ky,What Are We Waitin' For?,Fall 4 U
496,6eIygPhGcBFKKcxlGTJlY0,John Mayer,The Search for Everything,Changing
497,1k6WdNgK2EFLIr3opwgCpm,sad boy with a laptop,You're the Dream I Never Wanna Wake Up From,You're the Dream I Never Wanna Wake Up From
498,1HNkqx9Ahdgi1Ixy2xkKkL,Ed Sheeran,x (Wembley Edition),Photograph
499,5Hroj5K7vLpIG4FNCRIjbP,American Authors,"Oh, What A Life",Best Day Of My Life
500,2pUpNOgJBIBCcjyQZQ00qU,Passenger,All the Little Lights,Let Her Go
501,0vg4WnUWvze6pBOJDTq99k,James Blunt,Back to Bedlam,You're Beautiful
502,34gCuhDGsG4bRPIf9bb02f,Ed Sheeran,x (Wembley Edition),Thinking out Loud
503,5QpaGzWp0hwB5faV8dkbAz,The Calling,Camino Palmero,Wherever You Will Go
504,0e3YiRzbd1s8tKAT4yJif0,DEPAPEPE,Colors,My hometown
505,5FEV9pypGEx6ndrF3V0cX9,Panic! At The Disco,All My Friends We're Glorious: Death of a Bachelor Tour Live,"Bohemian Rhapsody - Live at Amway Center, Orlando, FL, 4/14/2017"
506,7wOmQJeVX6qjNXqqsKOkPx,Panic! At The Disco,A Fever You Can't Sweat Out,Lying Is the Most Fun a Girl Can Have Without Taking Her Clothes Off
507,2InH5NvwoEymOEeUhpUq48,Craymer;AIIVAWN,Can't Take My Eyes off You,Can't Take My Eyes off You
508,225xvV8r1yKMHErSWivnow,Aerosmith,Armageddon - The Album,"I Don't Want to Miss a Thing - From ""Armageddon"" Soundtrack"
509,0eifvmNPHWaSh4IKNR4Xva,Mr. Big,Deep Cuts: The Best Of The Ballads,To Be With You - 2021 Remastered
510,6e40mgJiCid5HRAGrbpGA6,Backstreet Boys,The Hits--Chapter One,I Want It That Way
511,6Qyc6fS4DsZjB2mRW9DsQs,The Goo Goo Dolls,Dizzy up the Girl,Iris
512,3dhjNA0jGA8vHBQ1VdD6vV,The Weeknd;Daft Punk,Starboy,I Feel It Coming
513,1UI0l2L66HJ9AtoEOlHzv4,Britney Spears,...Baby One More Time (Digital Deluxe Version),Sometimes
514,6vrUTGn5p8IrfTZ0J6sIVM,The Goo Goo Dolls,Greatest Hits Volume One - The Singles,Iris
515,4wzjNqjKAKDU82e8uMhzmr,The Red Jumpsuit Apparatus,Don't You Fake It,Face Down
516,7N2PNxzZXxCdAHiAfsklhT,We The Kings,We The Kings,"Check Yes, Juliet"
517,0JJP0IS4w0fJx01EcrfkDe,All Time Low,"So Wrong, It's Right (Deluxe Version)","Dear Maria, Count Me In"
518,78OBZL4Z6QHdwwloWIh0Lt,My Chemical Romance,The Black Parade / Living with Ghosts (The 10th Anniversary Edition),Teenagers
519,47No93LxERvV6MtOAmQzHS,Paramore,Brand New Eyes,Ignorance
520,45zvStEMsXp8z45OQRhWFJ,Green Day,American Idiot (Deluxe),American Idiot
521,7dN52YlyGl6c9tmxdv6zMp,My Chemical Romance,The Black Parade / Living with Ghosts (The 10th Anniversary Edition),Welcome to the Black Parade
522,5cY8y2XgOfkAh4kSWLFKkz,Panic! At The Disco,A Fever You Can't Sweat Out,I Write Sins Not Tragedies
523,7j31rVgGX9Q2blT92VBEA0,My Chemical Romance,The Black Parade,Teenagers
524,5xEM5hIgJ1jjgcEBfpkt2F,Avril Lavigne,Let Go,Complicated
525,3XVBdLihbNbxUwZosxcGuJ,Alicia Keys,The Diary Of Alicia Keys,If I Ain't Got You
526,3lyLqIn8mybyEFTs8JJaLf,Michael Bublé,It's Time,Home
527,3NLrRZoMF0Lx6zTlYqeIo4,3 Doors Down,Here Without You,Here Without You
528,4w1lzcaoZ1IC2K5TwjalRP,Vanessa Carlton,A Thousand Miles (Enhanced),A Thousand Miles
529,4BsQ6HzywRiSHf45WXRft8,Two Door Cinema Club,Beacon,Sleep Alone
530,003vvx7Niy0yvhvHt4a68B,The Killers,Hot Fuss,Mr. Brightside
531,3GYxLBhbX1bJH0zoC8zXa7,Bunga Citra Lestari;Dipha Barus,It's Me BCL,Aku Wanita (with Dipha Barus)
532,3479kk78dx3GFt048Udq54,Green Day,American Idiot (Deluxe),Wake Me up When September Ends
533,6qc34bnVOyqGDPni8H5W0U,Lonestar,Lonely Grill,Amazed
534,0qksx8mV28lztYIZ1om8ml,Coldplay,Parachutes,Shiver
535,47Slg6LuqLaX0VodpSCvPt,Bruno Mars,Doo-Wops & Hooligans,Just the Way You Are
536,1mea3bSkSGXuIRvnydlB5b,Coldplay,Viva La Vida or Death and All His Friends,Viva La Vida
537,0IktbUcnAGrvD03AWnz3Q8,Jason Mraz;Colbie Caillat,We Sing. We Dance. We Steal Things.,Lucky
538,5YciOakY5dB5dULkiLdCaf,Oasis,Heathen Chemistry,Stop Crying Your Heart Out
539,6otiaV2fagE3s8IvP6WkwG,Simple Plan,"No Pads, No Helmets...Just Balls (15th Anniversary Tour Edition)",I'm Just a Kid
540,5B5eTk7DF8KVp1zpQoY1XY,Hoobastank,The Reason,The Reason
541,2nLtzopw4rPReszdYBJU6h,Linkin Park,Meteora (Bonus Edition),Numb
542,10rChmECwPcvTTj4w07hq4,Simple Plan,Still Not Getting Any,Welcome to My Life
543,0815caqt2Lytro5EIzMufT,Lifehouse,Lifehouse,You And Me
544,01v7kv0RTVaX4Vs8GcOGOP,Thirty Seconds To Mars,This Is War (Deluxe),This Is War
545,1V82d4T5gadqzboNVWKcMj,Thirty Seconds To Mars,This Is War (Deluxe),Closer To The Edge
546,5GorCbAP4aL0EJ16frG2hd,Green Day,Greatest Hits: God's Favorite Band,Boulevard of Broken Dreams
547,5wQnmLuC1W7ATsArWACrgW,My Chemical Romance,The Black Parade,Welcome to the Black Parade
548,5cY8y2XgOfkAh4kSWLFKkz,Panic! At The Disco,A Fever You Can't Sweat Out,I Write Sins Not Tragedies
549,4RCWB3V8V0dignt99LZ8vH,Plain White T's,Every Second Counts,Hey There Delilah
550,003vvx7Niy0yvhvHt4a68B,The Killers,Hot Fuss,Mr. Brightside
551,0gzqZ9d1jIKo9psEIthwXe,U2,All That You Can't Leave Behind,Beautiful Day
552,1oTo3ijRbaDAtrjJrGAPSw,blink-182,blink-182,I Miss You
553,0EdMqiKs9LKXhspeQhl4RZ,Muse,Absolution,Time is Running Out
554,3lPr8ghNDBLc2uZovNyLs9,Muse,Black Holes and Revelations,Supermassive Black Hole
555,3skn2lauGk7Dx6bVIt5DVj,Muse,Black Holes and Revelations,Starlight
556,7kzKAuUzOITUauHAhoMoxA,The Strokes,Is This It,Last Nite
557,4kbj5MwxO1bq9wjT5g9HaA,WALK THE MOON,TALKING IS HARD,Shut Up and Dance
558,5qqabIl2vWzo9ApSC317sa,Oasis,(What's The Story) Morning Glory? (Deluxe Edition) [Remastered],Wonderwall - Remastered
559,6nTiIhLmQ3FWhvrGafw2zj,Green Day,American Idiot,American Idiot
560,4i1yHB5Q9PhtWlWCplG3u5,The Wanted,Word Of Mouth (Deluxe),Walks Like Rihanna
561,4EFPLSlS4BXNUFTaxeKOb9,Petra Sihombing,Biji,Biji
562,6jtOmREDxi6smIrWWaFCH1,Two Door Cinema Club,Beacon,Wake Up
563,1mNjkH9yrJBxxzVOc5n5W0,Rock Mafia,Fly or Die,Fly or Die
564,6GQLX6Z28fYwDNCrhaKzYF,Two Door Cinema Club,Tourist History,Undercover Martyn
565,4JHg4nNYUJQ5HULcCmI18R,Two Door Cinema Club,Tourist History,What You Know
566,67SrO8B3O8iUq0AmEh0VzJ,Two Door Cinema Club,Tourist History,Something Good Can Work
567,4BsQ6HzywRiSHf45WXRft8,Two Door Cinema Club,Beacon (Deluxe Version),Sleep Alone
568,0r7CVbZTWZgbTCYdfa2P31,Maroon 5;Dillon Francis,Memories (Dillon Francis Remix),Memories - Dillon Francis Remix
569,0q6Qyd2QaHMHp7APKyQsyi,Bodyjar,How It Works,Not the Same
570,7dapvL71Xx2CLJtJo17TZZ,Red Hot Chili Peppers,What Hits!?,Fight Like A Brave
571,4KcH1ZRV2W1q7Flq0QqC76,Ramones,Ramones (40th Anniversary Deluxe Edition; 2016 Remaster),Blitzkrieg Bop - 2016 Remaster
572,3ZffCQKLFLUvYM59XKLbVm,Green Day,American Idiot,Wake Me up When September Ends
573,64yrDBpcdwEdNY9loyEGbX,Green Day,21st Century Breakdown,21 Guns
574,6L89mwZXSOwYl76YXfX13s,Green Day,Dookie,Basket Case
575,5GorCbAP4aL0EJ16frG2hd,Green Day,Boulevard of Broken Dreams,Boulevard of Broken Dreams
576,257hjgmCDF0yNzHItdR8Ml,DEPAPEPE,Kiss,Kiss
577,5Vzpmk27VQ9M77SCkSkERq,Dua Lipa,Future Nostalgia,Future Nostalgia
578,7keXdrB4mz57u4b8YkCwag,John Mayer,Continuum,Dreaming with a Broken Heart
579,50DMG6AvtNzbrxMc62w6ph,John Mayer,Continuum,Bold as Love
580,5rwq6R0Uq0BngM3rdmCeNg,Howie Day,Stop All the World Now (Special Edition),Collide - Acoustic Version
581,7r5qxtubYpPXYNSLX8CoGr,Soundwave,Inikah Cinta,Inikah Cinta
582,66wRGrt1HmeVa1wtnWMj6C,Juicy Luicy,Tanpa Tergesa,Tanpa Tergesa
583,7aSSsHnGQ54rbMZpXApmtU,Oasis,Time Flies... 1994-2009,Stand by Me
584,3UqHlIBI771FNCiLY5MKrp,Eric Clapton,Unplugged (Deluxe Edition),Tears in Heaven - Acoustic Live
585,5Ds0VGkTSQ1jf4KzLUpZPb,Eric Clapton,Clapton Chronicles: The Best of Eric Clapton,Change the World
586,6zC0mpGYwbNTpk9SKwh08f,Eric Clapton,Slowhand 35th Anniversary (Super Deluxe),Wonderful Tonight
587,6QTPacyXkZWG9FMwq6L1hJ,Maggie Rogers,Love You For A Long Time,Love You For A Long Time
588,6UnCGAEmrbGIOSmGRZQ1M2,Maggie Rogers,Heard It In A Past Life,Light On
589,7iTF9T1jum3Km6H6WMZpDC,Pamungkas,Walk The Talk,One Only
590,3fsT6VEOxJz3j8cqhzK19Y,Dan + Shay;R3HAB,Tequila (The Remixes),Tequila - R3HAB Remix
591,1HFfMOxCAT4GAwaPfCdmUs,Mr. Probz;Robin Schulz,Waves (Robin Schulz Radio Edit),Waves - Robin Schulz Radio Edit
592,1c7UYTut2SBOPq64o2t0uN,John Mayer,Room For Squares,Why Georgia
593,0JJ1HpcYaYs9w5FdKEYh0b,Gabrielle Aplin;JP Cooper,Losing Me,Losing Me
594,3AeicLnm55RqcXGBKYQolM,Olly Alexander (Years & Years),Communion (Deluxe),King
595,30XU4suKzCeoCK9YFzdufg,Lady Gaga,Born This Way (Special Edition),Born This Way
596,5PYQUBXc7NYeI1obMKSJK0,Katy Perry,Never Really Over,Never Really Over
597,2XU0oxnq2qxCpomAAuJY8K,Tones And I,Dance Monkey (Stripped Back) / Dance Monkey,Dance Monkey
598,2N8m6CYs74qQO4mjVcXO30,Tones And I,Dance Monkey,Dance Monkey
599,4cktbXiXOapiLBMprHFErI,Maroon 5,Memories,Memories
600,5lQmq4YxoW0Es7HOZiWS3e,Declan J Donovan,Numb,Numb
601,1uKIDyNlkfmuSUINH8uAh2,Jung Youth;Tommee Profitt,Only One King,Only One King
602,5a3MulSI25BDyBGg1Gsfpz,HONNE,Warm on a Cold Night (Deluxe),Good Together
603,5nS9WEWYnbQDBAe81SHhDP,Passenger,Sunday Night Sessions,Hotel California (Cover)
604,1wkaoS4jTVXYMUWHKVFZTk,John Mayer,Battle Studies,"Friends, Lovers or Nothing"
605,05Ez6KwjICkscWQVTsT3f5,John Mayer,Paradise Valley,I Will Be Found (Lost At Sea)
606,5KsLlcmWDoHUoJFzRw14wD,John Mayer,The Search for Everything,Rosie
607,35LDid9nvuYrUyZk5qGD0i,John Mayer,Continuum,Belief
608,3brCbW1KbGBUvMsqUhHQEy,John Mayer,Room For Squares,Back to You
609,03XjpGGdsIPouALXem2Cku,John Mayer,Born and Raised,Love Is A Verb
610,0Zrug5Ry3x6x60lohpEU0C,John Mayer,The Search for Everything,Roll it on Home
611,4HTqdAfx5jRQuB8ItBifrm,John Mayer,Keep Calm & Stay Cosy,"Free Fallin' - Live at the Nokia Theatre, Los Angeles, CA - December 2007"
612,5X5Vj8FcxyoLzq9qxAa45U,Budi Doremi,Tolong,Tolong
613,6atVS7UZBxoyJkkteM62u5,John Mayer,Heavier Things,Clarity
614,4ibzxSKw3a6rtIorruN5GO,John Mayer,Heavier Things,Something's Missing
615,4Szq4dulKN9bOvLRW6uMdZ,John Mayer,Carry Me Away,Carry Me Away
616,5FPnjikbwlDMULCCCa6ZCJ,John Mayer,Heavier Things,Daughters
617,3jFP1e8IUpD9QbltEI1Hcg,John Mayer,Room For Squares,My Stupid Mouth
618,5Aq5TIy9jVK70aL7xcE9oa,John Mayer,Paradise Valley,Dear Marie
619,2ezUSx36HRcVmNwx07krLE,Matoma;Becky Hill,One in a Million,False Alarm
620,2iUmqdfGZcHIhS3b9E9EWq,Neon Trees,Picture Show,Everybody Talks
621,5p9XWUdvbUzmPCukOmwoU3,KT Tunstall,Eye To The Telescope,Suddenly I See
622,22HYEJveCvykVDHDiEEmjZ,Chumbawamba,Tubthumper,Tubthumping
623,6A1GBCMwbfhkB9e1thR8a8,HONNE;Georgia,Love Me / Love Me Not,Location Unknown ◐
624,43kiDtoYD0nDJYxzQwclpT,HONNE;BEKA,Location Unknown ◐ (feat. BEKA) [Brooklyn Session],Location Unknown ◐ (feat. BEKA) - Brooklyn Session
625,1IdTIzkTK6CcpKKgMUGbg7,John Mayer,Continuum,Vultures
626,5imShWWzwqfAJ9gXFpGAQh,John Mayer,Continuum,Waiting On the World to Change
627,7fiGdant3xon7Ih6i7ViKB,Loren Gray,Kick You Out,Kick You Out
628,6Wrx0ZDaB3dxBDl1ZnddXT,Loote,single.,Wish I Never Met You
629,1LM6t24SjQr2bJHqeGIR4U,John Mayer,The Search for Everything,Still Feel Like Your Man
630,2jdAk8ATWIL3dwT47XpRfu,John Mayer,Continuum,Slow Dancing in a Burning Room
631,7Igc6JB0xPDcn5yRkkVGQX,Jason Mraz,Know.,Unlonely
632,5sJpHBpeglRCt2fIt0DXv9,Jason Yu,Hearts Release,Hearts Release
633,3znQ9i61vfe2E7URHlOiyc,Stephanie Poetri,I Love You 3000,I Love You 3000
634,7Kohy4v3KLWfUXlv9N3feB,John Mayer,Room For Squares,Neon
635,0HLWvLKQWpFdPhgk6ym58n,John Mayer,Battle Studies,Who Says
636,78DwRIo6Vj6wqteyerGetr,John Mayer,Continuum,The Heart of Life
637,7cpCU3Denug5NGZsSpQl8v,John Mayer,XO,XO
638,0oiCeOPwm4zhwfyIpAE37y,John Mayer,The Search for Everything,Love on the Weekend
639,7gm2omqXDTaT4sS17hSu8T,Andy Grammer,Fresh Eyes,Fresh Eyes
640,3E6iea9uEmB7gRru4lyP6h,John Mayer,Continuum,Stop This Train
641,1crSsvtU9wZB15dIQXV2QH,John Mayer,The Search for Everything,Moving On and Getting Over
642,42dbDZX9bsEGqMZWYmnR7J,John Mayer,Battle Studies,Perfectly Lonely
643,3SktMqZmo3M9zbB7oKMIF7,John Mayer,Continuum,Gravity
644,6Vecwo7AHst9V2CE3kmwr0,John Mayer,Room For Squares,No Such Thing
645,4QRkCwqwHFaZ7xeoR9CHL6,Keane,Strangeland,Sovereign Light Café
646,18uwL0vNUanqZH0ro2QcOP,Jeremy Zucker,"summer,",comethru
647,5qqabIl2vWzo9ApSC317sa,Oasis,Time Flies... 1994-2009,Wonderwall - Remastered
648,0UvCh63URrLFcPkKt99hHd,Oasis,Time Flies... 1994-2009,Don't Look Back in Anger - Remastered
649,3hwyRkhcVkcgUJHKKmxS8k,Loote,single.,High Without Your Love
650,0lks2Kt9veMOFEAPN0fsqN,Alan Walker;K-391;Emelie Hollow,Different World,Lily
651,4n7jnSxVLd8QioibtTDBDq,Alan Walker;Sabrina Carpenter;Farruko,On My Way,On My Way
652,4QjtXlzepoVp3YXMvwxyyr,Noah Kahan,Come Down,Come Down
653,37a0RMpwwQjgIkLoEePwXa,Maisie Peters,Best I'll Ever Sing,Best I'll Ever Sing
654,3HVWdVOQ0ZA45FuZGSfvns,Ed Sheeran;Justin Bieber,I Don't Care (with Justin Bieber),I Don't Care (with Justin Bieber)
655,1o0yFkUycTAWIIWFOlhDcV,A Great Big World,You,You
656,5itOtNx0WxtJmi1TQ3RuRd,Calvin Harris;Rag'n'Bone Man,Giant (with Rag'n'Bone Man),Giant (with Rag'n'Bone Man)
657,57zF9nlPH4rud6f6zuKSQi,Jess Glynne,Always In Between (Deluxe),Thursday
658,4Im6GRj17qa7NW76OsJh1s,John Mayer,I Guess I Just Feel Like,I Guess I Just Feel Like
659,3EPXxR3ImUwfayaurPi3cm,Dean Lewis,Be Alright,Be Alright
660,68hBXAx8ScSjmCGJEe65AZ,Bingo Players,Cry - Just A Little,Cry (Just A Little)
661,7vFv0yFGMJW3qVXbAd9BK9,John Mayer,Room For Squares,Your Body Is a Wonderland
662,2lFlveK1y13WWp3vnQtrr3,Five For Fighting,100 Years,100 Years
663,5jx8tCxiO0uIbo2uNia23K,Katy Perry,Teenage Dream: The Complete Confection,The One That Got Away - Acoustic
664,1pIMxRddmCGalHnRbLFkWg,Jason Mraz,Have It All,Have It All
665,7JEUg9KqmpdIE5Nbb9ss66,Michael Bublé,Love You Anymore,Love You Anymore
666,1uru26I2JKd2mQZt0MDCUe,James Arthur,Empty Space,Empty Space
667,2hv6VI0I0BZDY15qsPOrjW,John Mayer,Inside Wants Out,No Such Thing - Demo Version
668,3APayTEWiUl9Ssep4BOXR2,Natalie Imbruglia,Glorious: The Singles 97-07,Torn
669,1c5ZiOfMbDBHKRNuMfinOb,Wahyu Selow;Coki,Selow,Selow
670,5sdb5pMhcK44SSLsj1moUh,benny blanco;Calvin Harris,I Found You (with Calvin Harris),I Found You (with Calvin Harris)
671,3aLWuWKHaTV4Ok7LKvXRYn,Cheat Codes;Dante Klein,Let Me Hold You (Turn Me On),Let Me Hold You (Turn Me On)
672,0qvzXomUDJVaUboy2wMfiS,Niall Horan,Flicker (Deluxe),This Town
673,3WVhkjB7Y4xFruqoCAajBb,Sabrina Carpenter,Singular Act I,Sue Me
674,4tERsdVCLtLtrGdFBf9DGC,Daya,New,New
675,1SCREioMuu0ITr6juZ4OUe,Snakehips;ZAYN;Jay Pryor,Cruel (Remixes) (feat. ZAYN),Cruel (feat. ZAYN) - Jay Pryor Remix
676,4QVS8YCpK71R4FsxSMCjhP,Gryffin;Elley Duhé,Tie Me Down (with Elley Duhé),Tie Me Down (with Elley Duhé)
677,1aoT7WwM0ZDWNt3ZgsYqj3,Seeb;Skip Marley;Wolfgang Wee;Markus Neby,Cruel World (Wolfgang Wee & Markus Neby Remix),Cruel World - Wolfgang Wee & Markus Neby Remix
678,7tzu5tSCztW7f28iiKrCZs,Rudimental;James Arthur;Tritonal,Sun Comes Up (Tritonal Remix),Sun Comes Up - Tritonal Remix
679,5RTcZV8NvRsmjPFwTvBMMx,Alessia Cara;G-Eazy;Young Bombs,Wild Things (The Remixes),Wild Things - Young Bombs Remix
680,51lPx6ZCSalL2kvSrDUyJc,John Mayer,The Search for Everything,You're Gonna Live Forever in Me
681,14sOS5L36385FJ3OL8hew4,Kygo;Sandro Cavazza,Happy Now,Happy Now
682,4lJNen4SMTIJMahALc3DcB,Sia;Diplo;Labrinth;LSD,Thunderclouds,"Thunderclouds (feat. Sia, Diplo, and Labrinth)"
683,7BqHUALzNBTanL6OvsqmC1,Marshmello;Bastille,Happier,Happier
684,4Vpjh5VlV7rnPZGqVJUxrV,Kaskade;Phoebe Ryan;LöKii,Almost Back (with Phoebe Ryan),Almost Back (with Phoebe Ryan)
685,78beAzLy2Vqxs7zURZVusF,Keane,Hopes And Fears,Can't Stop Now
686,1SKPmfSYaPsETbRHaiA18G,Keane,Hopes And Fears,Somewhere Only We Know
687,0yac0FPhLRH9i9lOng3f81,Keane,Hopes And Fears,Everybody's Changing
688,6IVlHRrjTKep5SS9kbcpTa,Keane,Hopes And Fears,This Is The Last Time
689,4mPiTSD96K4Dha1irhqpW3,Keane,Hopes And Fears,Bend & Break
690,4BAWCedKFfdwxPFmFv4DMG,The Maccabees,Colour It In,Toothpaste Kisses
691,4rpzPAbwJboZQw2p9T5T3f,Maroon 5,Overexposed Track By Track,Lucky Strike
692,1CEDx1kXFwmpmN2waT2PbM,Rita Ora,Anywhere,Anywhere
693,6UnCGAEmrbGIOSmGRZQ1M2,Maggie Rogers,Light On,Light On
694,4d8QCee0JKfsBwZFAzfLy1,Martin Jensen;Loote,Wait,Wait
695,1rqqCSm0Qe4I9rUvWncaom,Panic! At The Disco,Pray for the Wicked,High Hopes
696,09IStsImFySgyp0pIQdqAc,Zedd;Maren Morris;Grey,The Middle,The Middle
697,0qF4bFjjagE64gloPJu88F,BATE;Blake Rose;Radio 3000,One I Love,One I Love
698,6agBJV49zfUhDkGPLjjDs4,Leroy Styles;Anjulie,Golden Youth,Golden Youth (feat. Anjulie)
699,3e9HZxeyfWwjeyPAMmWSSQ,Ariana Grande,"thank u, next","thank u, next"
700,2bQhVQbV7VBzSOPo8mbkUR,The Chainsmokers,Sick Boy...Beach House,Beach House
701,6ZzYETKetIfNUsZUb23jgG,HONNE,Day 1 ◑ / Sometimes ◐,Day 1 ◑
702,6ZzYETKetIfNUsZUb23jgG,HONNE,Love Me / Love Me Not,Day 1 ◑
703,1wsLHgXJ4SKIfd5ePSX1hD,Jonas Blue;Liam Payne;Lennon Stella,Polaroid,Polaroid
704,4yRiSND7cTKbivGz7wk4Hc,Via Vallen,Meraih Bintang,Meraih Bintang
705,2zgiM0lbf4KpBPriKPqEMg,TheOvertunes;Monita Tahalea,Memories Made,Bicara (feat. Monita Tahalea)
706,5u7sek7t4LkxbpQrZAcZxu,Raisa;Dipha Barus,My Kind of Crazy,My Kind of Crazy
707,1NCUe90ZCiWTnWn3umrwqw,NIKI,Zephyr,Vintage
708,575NJxNUVDqwJGdzBrlLbv,Shawn Mendes;Zedd,Lost In Japan (Remix),Lost In Japan - Remix
709,6lFbdi743kgerMZDjSqbuA,Klingande,Pumped Up,Pumped Up
710,21RzyxY3EFaxVy6K4RqaU9,Loud Luxury;Brando,Body,Body
711,6zZMfagNj5Nr8rSdJ9KLqq,Arsy Widianto;Brisia Jodie,Dengan Caraku,Dengan Caraku
712,5N5k9nd479b1xpDZ4usjrg,Calvin Harris;Sam Smith;Jessie Reyez,Promises (with Sam Smith),Promises (with Sam Smith)
713,0E8WJOFs2eWD67USh7C6Qd,Loud Luxury;anders,Love No More,Love No More
714,0d2iYfpKoM0QCKvcLCkBao,benny blanco;Halsey;Khalid,Eastside (with Halsey & Khalid),Eastside (with Halsey & Khalid)
715,4keoy2fqgwGnbWlm3ZVZFa,Zedd;Elley Duhé,Happy Now,Happy Now
716,5xzCzOAOfRi4DOttSzvznR,Sigala;Paloma Faith,Lullaby,Lullaby
717,3MKm5vGluRRaJxNZCt29vi,Lauv;Robin Schulz,Chasing Fire (Robin Schulz Remix),Chasing Fire - Robin Schulz Remix
718,4Vbz3osCh6DwHYv5gVv5H2,Jax Jones;Ina Wroldsen,Breathe,Breathe (feat. Ina Wroldsen)
719,43wzy7JxMEfvCh8ZFeZKYk,Nick Jonas;Robin Schulz,Right Now,Right Now
720,6N6BTxTwykM2YI06SeL1ap,Nicky Romero;Deniz Koyu;Walk off the Earth,Paradise,Paradise
721,3PTMcrpi5tbHzc8xxOZ8lG,The Him,Nothing On Us,Nothing On Us
722,7ef4DlsgrMEH11cDZd32M6,Calvin Harris;Dua Lipa,One Kiss (with Dua Lipa),One Kiss (with Dua Lipa)
723,00JJyGAD7XKm03u8ENGceO,Ku De Ta;Joe Stone;Sylvia Mwenze,What You Do (feat. Sylvia Mwenze),What You Do (feat. Sylvia Mwenze)
724,5N4erncE7kuUccm7zEmwzk,Silk City;Dua Lipa;Diplo;Mark Ronson,Electricity (with Dua Lipa),Electricity (with Dua Lipa)
725,4NBTZtAt1F13VvlSKe6KTl,The Chainsmokers;Kelsea Ballerini,Sick Boy...This Feeling,This Feeling
726,6X6SdJzxyw7GzxwP2fr9WV,Jess Glynne,All I Am,All I Am
727,7uqS1gGcgWD0wiiKttEmyp,Sam Feldt;Olivia Sebastianelli,Wishing Well,Wishing Well (feat. Olivia Sebastianelli)
728,3DGar7krWlmrXRFHBcQF6z,Kris Kross Amsterdam;The Boy Next Door;Conor Maynard,Whenever (feat. Conor Maynard),Whenever (feat. Conor Maynard)
729,5hnyJvgoWiQUYZttV4wXy6,Snow Patrol,Eyes Open,Chasing Cars
730,1VdZ0vKfR5jneCmWIUAMxK,Ed Sheeran,+,The A Team
731,5ivF4eQBqJiVL5IAE9jRyl,Jason Mraz,Love Is a Four Letter Word (Deluxe Edition),I Won't Give Up
732,3nqqDo8CcCLke3ZoTgiOKf,The Script,The Script,The Man Who Can't Be Moved
733,2lYTJK94hb0fd1LQtb6Dhk,David Guetta;Anne-Marie,Don't Leave Me Alone (feat. Anne-Marie),Don't Leave Me Alone (feat. Anne-Marie)
734,6ttrU9M9rPMW2IS6ZJ4xaf,Just Loud,Episode I,Electrified
735,66UylTxzOOjnl7o2Bj5JkG,Mainland,Villains,Hometown
736,6rsm9NTgl9kKPatf7S1yCS,Why Don't We,Talk,Talk
737,4T6FWA703h6H7zk1FoSARw,John Mayer,New Light,New Light
738,17ejRbr6B8l9zdqgCZsn4m,Gryffin;Katie Pearlman,Nobody Compares To You,Nobody Compares To You (feat. Katie Pearlman)
739,7haQE5nOcxwk0HXahP0aV3,MNEK;Hailee Steinfeld,Colour,Colour
740,1h0yImRPIVAjhhHeNVlTuC,Shawn Mendes;Khalid,Youth (feat. Khalid),Youth (feat. Khalid)
741,0RUTnY2B3s05fZuCHsNaUP,Sabrina Carpenter;Jonas Blue,Alien,Alien
742,52B2TNxEZ7z7ytwLdA99pG,Cash Cash;Sofía Reyes,How to Love (feat. Sofia Reyes) [Spanish & Acoustic],How to Love (feat. Sofia Reyes) - Acoustic
743,1eOJAiCKFuMda0fPRvjcuc,Jess Glynne,I Cry When I Laugh,Hold My Hand
744,2r9hCNjupNy2C2g3r6SNz6,Ina Wroldsen;Alan Walker,Strongest (Alan Walker Remix),Strongest (Alan Walker Remix)
745,6RnkFd8Fqqgk1Uni8RgqCQ,David Guetta;Martin Garrix;Brooks,Like I Do,Like I Do
746,2KwojFDebQV4J2b0JMRR5Q,Alesso;Anitta,Is That For Me,Is That For Me
747,4lCtZZktwgQqzCoJxK3ZxR,Adera,Muara,Muara
748,1i1rNVtxbE7rdFfpHuNq2j,Jess Glynne,Hold My Hand,Hold My Hand
749,3vv9phIu6Y1vX3jcqaGz5Z,The Chainsmokers;ROZES,Roses,Roses
750,71Vs0nUJF38vSKZXljNxwv,Shae,Up Up n Away,Up Up n Away
751,630sXRhIcfwr2e4RdNtjKN,Zac Efron;Zendaya,Rewrite The Stars,Rewrite The Stars
752,76cy1WJvNGJTj78UqeA5zr,Dua Lipa,Dua Lipa (Deluxe),IDGAF
753,6ZtiywT2Qm50a1uR0jlY35,Daya,"Sit Still, Look Pretty","Sit Still, Look Pretty"
754,0R3VceNdOWRvcYPuv7Rwr9,The New Barden Bellas,Pitch Perfect 3 (Original Motion Picture Soundtrack),"Sit Still, Look Pretty"
755,2MKXUXZIViCGpoFyysFpoj,Sheppard,Coming Home,Coming Home
756,26BlpGNVcVFAfq5UUv3oEb,Pentatonix,PTX Vol. IV - Classics,Take On Me
757,2WfaOiMkCvy7F5fcp2zZ8L,a-ha,Hunting High and Low,Take on Me
758,4utgozKpeqZA18lFCcg70Q,Diplo;MØ,Major Lazer Presents: Give Me Future (Music From & Inspired by the Film),Get It Right (feat. MØ)
759,5tz69p7tJuGPeMGwNTxYuV,Logic;Alessia Cara;Khalid,Everybody,1-800-273-8255
760,7kx4a1GwEIEBnEEjvmCj6E,Sheryl Sheinafia;Rizky Febian,Sweet Talk (Single),Sweet Talk
761,48QmG1dfvMuYLxMPt7KSRA,Sean Paul;Dua Lipa,No Lie,No Lie
762,2QWP8NYYplOqEFBYGCcq0S,The Script,Rain,Rain
763,5qYp1Wf3gh0lGWdIS5lIrX,Cashmere Cat;Selena Gomez;Tory Lanez,9,Trust Nobody (feat. Selena Gomez & Tory Lanez)
764,6X5OFBbrsHRsyO1zP7udgr,Big Shaq,Man's Not Hot,Man's Not Hot
765,5EwwwdsQfKI8ZnFG93j5Zu,Martin Garrix;Matisse & Sadko,Forever,Forever
766,4AQJm8HDhf0Z0y1bCnbQO6,State of Sound,Heaven,Heaven
767,1NkwZ9TnIs8js6G0M6M7RU,DNCE;Nicki Minaj,Kissing Strangers,Kissing Strangers
768,6wmAHw1szh5RCKSRjiXhPe,Charlie Puth,How Long,How Long
769,3or9KUM3Z4zLbkS8TxfDOF,Lauv;Dipha Barus,Easy Love (Dipha Barus Remix),Easy Love - Dipha Barus Remix
770,1NDxZ7cFAo481dtYWdrUnR,Maggie Lindemann;Cheat Codes;CADE,Pretty Girl (Cheat Codes X CADE Remix),Pretty Girl - Cheat Codes X CADE Remix
771,0CokSRCu5hZgPxcZBaEzVE,Macklemore;Skylar Grey,GEMINI,Glorious (feat. Skylar Grey)
772,5Gu0PDLN4YJeW75PpBSg9p,Hailee Steinfeld;Alesso;Florida Georgia Line;WATT,"Let Me Go (with Alesso, Florida Georgia Line & watt)","Let Me Go (with Alesso, Florida Georgia Line & watt)"
773,0GxQ1A5L9xnMOytbP6eKBG,Maroon 5;SZA,What Lovers Do (feat. SZA),What Lovers Do (feat. SZA)
774,1cs5LFOcznflbTzEKDPXCx,Via Vallen,Sayang,Sayang
775,5CwcXgsF9jcyqwkl5uxKnD,Payung Teduh,Akad,Akad
776,2cOUlop2ZakjOKe4WinesN,Niall Horan,Slow Hands,Slow Hands
777,4feT9KJvN6t1G7SdtnT6Ah,Rendy Pandugo,Silver Rain Remix EP,Silver Rain (Gerald Gerald Remix)
778,7dOeiXeTSfA1ixaYmQcWu7,OneRepublic;Seeb,Rich Love,Rich Love (with Seeb)
779,2syQ0f4SAQdzvlAewPl1DJ,Zedd;Liam Payne,Get Low (with Liam Payne),Get Low (with Liam Payne)
780,1839RWzPRZCVgvamu4sHSN,Cash Cash;Conor Maynard,All My Love (feat. Conor Maynard),All My Love (feat. Conor Maynard)
781,4TsTyEmNd6EoGV6jaNIO3e,Major Lazer;Travis Scott;Camila Cabello;Quavo,Know No Better (feat. Quavo),Know No Better
782,1NvSQe0i4ApmQCnBI8Jwzq,Miley Cyrus;Tiësto,Malibu (Tiësto Remix),Malibu - Tiësto Remix
783,1SN1vSPsr4V4tIUTR3s8YW,Jonas Blue;Dakota,Fast Car,Fast Car
784,3qwQ3PEudWSXRaWbsJUUx5,Zedd;Alessia Cara;Jonas Blue,Stay (Remixes),Stay - Jonas Blue Remix
785,7pJ4iEOOwUEzO3m9Hh3Ojr,Jasmine Thompson;Jonas Blue,Wonderland,Old Friends - Jonas Blue Remix
786,15MTd64KUMG7CF6mOyovsQ,The Chainsmokers;Coldplay;Don Diablo,Something Just Like This (Remix Pack) [Remixes],Something Just Like This - Don Diablo Remix
787,0jTFKCb21Yd4UMV5Xk9EUz,The Chainsmokers;Coldplay;R3HAB,Something Just Like This (Remix Pack) [Remixes],Something Just Like This - R3hab Remix
788,2ORrgw8M0ZbrFlm5cpaKCv,Anna Kendrick;Justin Timberlake,True Colors,True Colors
789,48td6xvpokdYwvbl3JIiXP,Michael Jackson;Justin Timberlake,XSCAPE,Love Never Felt So Good
790,6cPyTS0Kk2sc4xQwC93kOg,The Chainsmokers,Memories...Do Not Open,Break Up Every Night
791,1I8tHoNBFTuoJAlh4hfVVE,Kygo;Conrad Sewell,Cloud Nine,Firestone
792,1workHZmzXmTaYdrfFOKDQ,Olly Murs;Martin Jensen,Grow Up (Remixes),Grow Up - Martin Jensen Remix
793,6Qn5zhYkTa37e91HC1D7lb,Imagine Dragons,Evolve,Whatever It Takes
794,2dbuxFSPccg6aLfBKuUkOg,James Arthur;SJUR,Can I Be Him (SJUR Remix),Can I Be Him - SJUR Remix
795,5UHuuQGEgMbZrYnHjQG9ny,a-ha;Kygo,Take on Me (Kygo Remix),Take on Me - Kygo Remix
796,0qvzXomUDJVaUboy2wMfiS,Niall Horan,This Town,This Town
797,4gDyoe1FImDlXVt58ssnMf,Coldplay,All I Can Think About Is You,All I Can Think About Is You
798,4EY98IYvH3pHrDHBJOmHg6,Chris Martin,One Love Manchester,Dont Look back in Anger - Live from One Love Manchester
799,1zB4vmk8tFRmM9UULNzbLB,Imagine Dragons,Thunder,Thunder
800,3DXncPQOG4VBw3QHh3S817,DJ Khaled;Justin Bieber;Quavo;Chance the Rapper;Lil Wayne,I'm the One,"I'm the One (feat. Justin Bieber, Quavo, Chance the Rapper & Lil Wayne)"
801,5cF0dROlMOK5uNZtivgu50,Charlie Puth,Attention,Attention
802,6jA8HL9i4QGzsj6fjoxp8Y,Martin Garrix;Troye Sivan,There for You,There for You
803,7nwGvxqSrgAuty1tlPGCFz,Cash Cash;ROZES,Matches,Matches
804,3b5Li4QKDVBx1x7fQuu54a,Alan Walker;Gavin James,Tired,Tired
805,7jEyX4bqaCSdMN4D4JNnVj,Jonas Blue;William Singe,Mama,Mama
806,4DJORZgsbqnEJ4f4B9TBGV,Jax Jones;RAYE,You Don't Know Me,You Don't Know Me (feat. RAYE)
807,1vnnXMrBeEWiRg3YCMCjQq,Luis Fonsi;Daddy Yankee;Justin Bieber,Despacito Feat. Justin Bieber (Remix),Despacito - Remix
808,10AsRVRdU07cMAFHeGYO3c,Martin Jensen,Solo Dance,Solo Dance
809,3YPlsrk0Voe8AOa1jyN891,Zara Larsson;R3HAB,Ain't My Fault (R3hab Remix),Ain't My Fault - R3hab Remix
810,2vSRZAVnaaHS6mCOSsWB3i,Barsena Bestandhi,Hasrat Jiwa,Hasrat Jiwa
811,6RUKPb4LETWmmr3iAEQktW,The Chainsmokers;Coldplay,Memories...Do Not Open,Something Just Like This
812,7CjFuHlwt556gGHIbJs4Z8,Payung Teduh,Live at Yamaha Live and Loud,Untuk Perempuan Yang Sedang Dalam Pelukan (Live)
813,3eR23VReFzcdmS7TYCrhCe,Kygo;Selena Gomez,It Ain't Me (with Selena Gomez),It Ain't Me (with Selena Gomez)
814,4p5UcsOpnSYwqYnThBpDjD,Hivi!,Kereta Kencan,Mata Ke Hati (Acoustic Version)
815,6ie2Bw3xLj2JcGowOlcMhb,Lorde,Green Light,Green Light
816,1x5sYLZiu9r5E43kMlt9f8,Clean Bandit;Zara Larsson,Symphony (feat. Zara Larsson),Symphony (feat. Zara Larsson)
817,3BuLtAmXKy5uQYl4ED1zBT,AJR,What Everyone's Thinking - EP,Weak
818,3s8ik4CUIZXXGDBgD0EAZ5,Dipha Barus;Nadin Amizah,All Good,All Good
819,72gv4zhNvRVdQA0eOenCal,Clean Bandit;Zara Larsson,So Good,Symphony (feat. Zara Larsson)
820,6uBhi9gBXWjanegOb2Phh0,Zedd;Alessia Cara,Stay,Stay
821,3qUC7MQio9LNQkUxeDv1yz,Armin van Buuren;Cimo Fränkel,Embrace,Strong Ones
822,5jLgdgPp12b3ojMH22FJ2D,Maroon 5;Alesso,Djakarta Warehouse Project 2016,This Summer - Maroon 5 vs. Alesso
823,4GfK1qOF3uBWidbPlTCQRL,Tulus,Monokrom,Monokrom
824,43jBqV3j3Xi1g6wO0bhIMd,Sage The Gemini,Now and Later,Now and Later
825,0urpBLpcm6DOGzs86rcKd8,Payung Teduh,Dunia Batas,Untuk Perempuan Yang Sedang Di Pelukan
826,6uBhi9gBXWjanegOb2Phh0,Zedd;Alessia Cara,Stay,Stay
827,1VxogbO6bfygdfaCnE9oLb,Marshmello;Ookay;Noah Cyrus,Chasing Colors (feat. Noah Cyrus),Chasing Colors (feat. Noah Cyrus)
828,0afhq8XCExXpqazXczTSve,Ed Sheeran,÷ (Deluxe),Galway Girl
829,0tgVpDi06FyKpA1z0VMD4v,Ed Sheeran,÷ (Deluxe),Perfect
830,2RttW7RAu5nOAfq6YFvApB,Ed Sheeran,÷ (Deluxe),Happier
831,2dfHh7ECGxfNqZTQno09Vk,Ed Sheeran,÷ (Deluxe),Hearts Don't Break Around Here
832,2pJZ1v8HezrAoZ0Fhzby92,Ed Sheeran,÷ (Deluxe),What Do I Know?
833,35QZaWQRkmnAVqBF1TLCxQ,Ed Sheeran,÷ (Deluxe),Nancy Mulligan
834,3Lfiu5sZ4M4B6JaKMBc0FU,Ed Sheeran,÷ (Deluxe),Barcelona
835,4VuS959DSpr82t3qBqCrWG,Ed Sheeran,÷ (Deluxe),Supermarket Flowers
836,51ChrwmUPDJvedPQnIU8Ls,Ed Sheeran,÷ (Deluxe),Dive
837,5HDPtsnyb3maFmPL8LLUTG,Ed Sheeran,÷ (Deluxe),New Man
838,6PCUP3dWmTjcTtXY02oFdT,Ed Sheeran,÷ (Deluxe),Castle on the Hill
839,6PJ8FF6UR8FZXfEvpHkIVN,Ed Sheeran,÷ (Deluxe),How Would You Feel (Paean)
840,6SznMYPQJHzr3IwsAHLId2,Ed Sheeran,÷ (Deluxe),Bibia Be Ye Ye
841,6TIU9Ehmi6dMzZK73Ym4yj,Ed Sheeran,÷ (Deluxe),Save Myself
842,7oolFzHipTMg2nL7shhdz2,Ed Sheeran,÷ (Deluxe),Eraser
843,7qiZfU4dY1lWllzX7mPBI3,Ed Sheeran,÷ (Deluxe),Shape of You
844,1KqvRRQd3lfM0pAlkGPrgD,Ed Sheeran;Nyla;Kranium;Major Lazer,Shape of You (feat. Nyla & Kranium) [Major Lazer Remix],Shape of You (feat. Nyla & Kranium) - Major Lazer Remix
845,4s7A3Fd0Sw9HmHkDzSeG2F,GAC (Gamaliél Audrey Cantika),"Galih & Ratna (From ""Galih & Ratna"")","Galih & Ratna (From ""Galih & Ratna"")"
846,1dNIEtp7AY3oDAKCGg2XkH,The Chainsmokers;Coldplay,Something Just Like This,Something Just Like This
847,6cAHcJgqfcLhxrbriTXAga,Teza Sumendra;Dipha Barus,Teza Sumendra - Expanded,"I Want You, Love - Dipha Barus Remix"
848,6R8agdKCfA4Poo0vnRKQKo,Kings of Convenience,Riot On An Empty Street,Cayman Islands
849,2MTZjX6nfGpXu0tR1AOVou,Kings of Convenience,Riot On An Empty Street,Homesick
850,1XpYodsD36XN7ygcdF7mJJ,Ed Sheeran,+,The A Team
851,4xFM9ET7fPtYgbp9QyzrHl,Jaz,Dari Mata,Dari Mata
852,3ebXMykcMXOcLeJ9xZ17XH,Martin Garrix;Dua Lipa,Scared to Be Lonely,Scared to Be Lonely
853,0SWR0r19WhdCRFzkxBlYJW,Cash Cash;John Rzeznik,"Blood, Sweat & 3 Years",Lightning (feat. John Rzeznik)
854,4eZDxVUfm37N7ncCi0t94Y,Digital Farm Animals;Cash Cash;Nelly,"Blood, Sweat & 3 Years",Millionaire (feat. Nelly)
855,1oUb2nyyq0IWVj1nsuft0H,Cash Cash;Sofía Reyes,"Blood, Sweat & 3 Years",How to Love (feat. Sofia Reyes)
856,2Uw7QYEUKJ26P5aj8qVZRE,Cash Cash;Anjulie,"Blood, Sweat & 3 Years",Arrows in the Dark (feat. Anjulie)
857,2wIf5aCCstnq636sqKHXoe,Cash Cash;Fitz and The Tantrums,"Blood, Sweat & 3 Years",Broken Drum (feat. Fitz of Fitz and the Tantrums)
858,3D6FxHXduqSEY5uBfEPuSD,Cash Cash;Jacquie,"Blood, Sweat & 3 Years",Aftershock (feat. Jacquie)
859,3VQUF36IMHPTopwYwEtd88,Cash Cash;Jenna Andrews,"Blood, Sweat & 3 Years",Sweat (feat. Jenna Andrews)
860,3gx8iEIUz0sjrmWcaRtDDC,Cash Cash;Little Daylight,"Blood, Sweat & 3 Years",Turn (feat. Little Daylight)
861,4dHwfNHGCOuYuiFKqrIlaH,Cash Cash;Night Terrors of 1927,"Blood, Sweat & 3 Years",We Will Live (feat. Night Terrors of 1927)
862,4mFGFCJlpR4n9nRWRnz7Ir,Cash Cash;Busta Rhymes;B.o.B;Neon Hitch,"Blood, Sweat & 3 Years","Devil (feat. Busta Rhymes, B.o.B & Neon Hitch)"
863,4na7ZOs4mQSq157YdkJCYf,Cash Cash;Trinidad James;DEV;Chrish,"Blood, Sweat & 3 Years","The Gun (feat. Trinidad James, Dev & Chrish)"
864,55QFY2E8hCMfr5uKZhvmbm,Cash Cash,"Blood, Sweat & 3 Years",Escarole
865,5NiTFfCUp0UrjvSJtj4rIa,Cash Cash,"Blood, Sweat & 3 Years",Surrender
866,5g1BARk25uUJtEPSUwcjnU,Cash Cash;Christina Perri,"Blood, Sweat & 3 Years",Hero (feat. Christina Perri)
867,6xJ8UgR75LiYs892QfhURq,Cash Cash,"Blood, Sweat & 3 Years",Bada Boom
868,7L59vVTpoS94JU3KEeolqt,Cash Cash;Bebe Rexha,"Blood, Sweat & 3 Years",Take Me Home (feat. Bebe Rexha)
869,1CnPYaKxTVb4LWOtiGOm0m,Jon Bellion,The Human Condition,All Time Low
870,6PCUP3dWmTjcTtXY02oFdT,Ed Sheeran,Castle on the Hill,Castle on the Hill
871,7qiZfU4dY1lWllzX7mPBI3,Ed Sheeran,Shape of You,Shape of You
872,0FDzzruyVECATHXKHFs9eJ,Coldplay,Ghost Stories,A Sky Full of Stars
873,3fSJ6dE3stETlsLeik84tk,Lucas & Steve;Jake Reese,Calling On You,Calling On You (feat. Jake Reese)
874,1sTsuZTdANkiFd7T34H3nb,The Killers,Day & Age,Human
875,6OtCIsQZ64Vs1EbzztvAv4,OneRepublic,Waking Up,Good Life
876,3ScJy88F8KqGDfWu8XJhHx,OneRepublic;Alesso,Native,If I Lose Myself - Alesso vs OneRepublic
877,2QAHN4C4M8D8E8eiQvQW6a,OneRepublic,Native,I Lived
878,0ett0qCHbl0vdSRFhRSkMc,OneRepublic,Native,If I Lose Myself
879,7MXlTgQeo3IVlMpLnZuhxc,Imagine Dragons,Night Visions (Deluxe),It's Time
880,213x4gsFDm04hSqIUkg88w,Imagine Dragons,Night Visions (Deluxe),On Top Of The World
881,5qaEfEh1AtSdrdrByCP7qR,Imagine Dragons,Night Visions (Deluxe),Demons
882,62yJjFtgkhUrXktIoSjgP2,Imagine Dragons,Night Visions (Deluxe),Radioactive
883,3C9GbDz0kpP9GyoDWXLBUM,Gym Class Heroes,The Papercut Chronicles II,The Fighter (feat. Ryan Tedder)
884,0B2RttXEiyXsMeQ7mMP3EI,Snakehips;ZAYN,Cruel (feat. ZAYN),Cruel (feat. ZAYN)
885,5qYp1Wf3gh0lGWdIS5lIrX,Cashmere Cat;Selena Gomez;Tory Lanez,Trust Nobody,Trust Nobody (feat. Selena Gomez & Tory Lanez)
886,7xufmkFUZoSjX1mxWupnKY,DJ Snake;Zedd;Justin Bieber,Let Me Love You (Zedd Remix),Let Me Love You - Zedd Remix
887,2Vq4bs08YppE2hqA2vpEcr,The Script,The Script,The Man Who Can't Be Moved
888,37sINbJZcFdHFAsVNsPq1i,The Script,No Sound Without Silence,Superheroes
889,4b30rxe4kxjNl8YpE17Sew,The Script,No Sound Without Silence,Man on a Wire
890,3xTRHJwjjTP9dBP9aWbCi1,Tulus,Monokrom,Ruang Sendiri
891,0g5EKLgdKvNlln7TNqBByK,DJ Snake;Bipolar Sunshine,Encore,Middle
892,2CPqh63wRVscbceKcPxwvv,Mike Perry;shy martin,The Ocean (feat. Shy Martin),The Ocean (feat. Shy Martin)
893,3ZwqWrRpylU9nfy99qwKdR,Hivi!,Pelangi,Pelangi
894,16kiuKjacDC4bFX9flnLA6,Rizky Febian,Penantian Berharga,Penantian Berharga
895,2ok6IGh97S4eIRse9K2sjg,Anji,DIA,Dia - Hits Single
896,4lRssvnLRqSbFafV67OPz9,Maudy Ayunda,Moments,Cinta Datang Terlambat
897,3oJZHURvtmLvYa0eSI2rtY,Maudy Ayunda,Panggil Aku…,Tiba-Tiba Cinta Datang
898,65vO6OsYI64iZnLozfqg5J,Maudy Ayunda;David Choi,Moments,By My Side
899,0InJPuWIYp8fwlBGIQglLf,Maudy Ayunda,Moments,Perahu Kertas
900,3HrozUzUsMLPNWwuYUHwdV,Zedd;Foxes,Clarity (Deluxe),Clarity
901,5GXAXm5YOmYT0kL5jHvYBt,The Weeknd;Daft Punk,Starboy,I Feel It Coming
902,7MXVkk9YMctZqd1Srtv4MB,The Weeknd;Daft Punk,Starboy,Starboy
903,1cG0umU5TKStygKsPFZ9pY,Robin Schulz;David Guetta;Cheat Codes,Shed a Light,Shed a Light
904,2dfHYDli4cvcwxk0zkhAzC,Sheppard,Be More Barrio,Be More Barrio
905,7bnYyxLapKga3nZufqKnmK,Galantis;Hook N Sling;CID,Love on Me Remixes,Love on Me - CID Remix
906,19TSNGmvdTtlxYn4YqYUMf,Alan Walker;David Whistle,Routine,Routine
907,1KgZOCjN3nGRTk3c87oIj6,American Authors,What We Live For,What We Live For
908,7dpVgrdC2trdefUVOtYRrf,Galantis,Pillow Fight,Pillow Fight
909,5LInnQ09xldtU2CGhT8FYn,Maroon 5;Kendrick Lamar;Ryan Riback,Don't Wanna Know (Ryan Riback Remix),Don't Wanna Know - Ryan Riback Remix
910,2PC9Tl8SWVO2yhDDtJcrAi,The Chainsmokers;XYLØ,Setting Fires,Setting Fires
911,6HhrMBN43RnGlGv7vIdnM5,Yellow Claw;Ayden,Till It Hurts,Till It Hurts (feat. Ayden)
912,5EbX5xL3O2xT8FxCpYzgUO,Alessia Cara,"How Far I'll Go (From ""Moana"")","How Far I'll Go - From ""Moana"""
913,3EmmCZoqpWOTY1g2GBwJoR,Steve Aoki;Louis Tomlinson,Just Hold On,Just Hold On
914,6b8Be6ljOzmkOmFslEb23P,Bruno Mars,24K Magic,24K Magic
915,1aGECHpgySxBAcLBBMyxlC,American Authors,What We Live For,Pride
916,14uKsvPJ0quzQvdB6f7Dur,Starley;Ryan Riback,Call On Me (Remixes),Call on Me (Ryan Riback Remix)
917,1PSBzsahR2AKwLJgx8ehBj,Machine Gun Kelly;Camila Cabello,Bad Things,Bad Things (with Camila Cabello)
918,1iQK0DUKHWSHOZ8UiCJx4v,DEPAPEPE,Depapepe All Time Best - Indigo Blue -,START
919,7clUVcSOtkNWa58Gw5RfD4,Coldplay,X&Y,Speed of Sound
920,7LVHVU3tWfcxj5aiPFEW4Q,Coldplay,X&Y,Fix You
921,6nek1Nin9q48AVZcWs9e9D,Coldplay,Mylo Xyloto,Paradise
922,69uxyAqqPIsUyTO8txoP2M,Coldplay,A Head Full of Dreams,Adventure of a Lifetime
923,7py16W5fWYLFFS6BElKAjn,Clean Bandit;Louisa Johnson,Tears (feat. Louisa Johnson),Tears (feat. Louisa Johnson)
924,75JFxkI2RXiU7L9VXzMkle,Coldplay,A Rush of Blood to the Head,The Scientist
925,23khhseCLQqVMCIT1WMAns,Coldplay,Ghost Stories,Magic
926,1XGmzt0PVuFgQYYnV2It7A,Maroon 5;Wiz Khalifa,Overexposed Track By Track,Payphone
927,3s4U7OHV7gnj42VV72eSZ6,Clean Bandit;Jess Glynne,Rather Be (feat. Jess Glynne),Rather Be (feat. Jess Glynne)
928,4YhITuwINLCfXYB2WCXbCZ,,,
929,6C6MLXm77V9VH0v27oJRak,Hardwell;Jay Sean,Thinking About You,Thinking About You
930,2MHCiOohBZEQuLgDTPvSzF,Galantis;Hook N Sling,Love on Me,Love on Me
931,0lMrWcrVXHPEuVBuc0nRzZ,,,
932,4255amV4enzl28KAn16rUO,Lost Frequencies,Are You With Me,Are You With Me
933,46lFttIf5hnUZMGvjK0Wxo,Galantis,Pharmacy,Runaway (U & I)
934,7hq7sZPSZg9HOxDPTcUqUy,GEISHA & Iwan Fals,SATU,Tak Seimbang
935,4MdFRmNquQLPOPRArXpWdJ,NIDJI & Iwan Fals,SATU,Hidup Yang Hebat
936,0q10xWHA5AjIl55gTpHWGu,NOAH & Iwan Fals,SATU,Para Penerka
937,1ia9Qgq6XyuvpQq0oNS76C,All Stars,SATU,Abadi
938,7GLaYr9G0endwjk08prL2l,Iwan Fals & NIDJI,SATU,Pesawat Tempurku
939,334L25Vi9yX26S9zE0ytIW,Iwan Fals & GEISHA,SATU,Ijinkan Aku Menyayangimu
940,76BmpUJwwqoZM2Arz5kZym,Iwan Fals & d'Masiv,SATU,Entah
941,21jWyCVPc5sb0ZclLwJASE,d'Masiv & Iwan Fals,SATU,Satu - Satunya
942,18I6GWlQlTS1C3blGriLcx,All Stars,SATU,Kemesraan
943,1aMouMnYdq0mPjy0nKqrYC,Iwan Fals & NOAH,SATU,Yang Terlupakan
944,5ev0Z2lFzmhjlQCWpRAWiG,Sigala;Digital Farm Animals,Only One (Radio Edit),Only One - Radio Edit
945,0YuSNcQsB96ysBgRXOLPfN,EC Twins;Guordan Banks,Revolution,Revolution
946,1vvNmPOiUuyCbgWmtc6yfm,Calvin Harris,My Way,My Way
947,5HzbxweVAtisCrpoOF11qt,Digital Farm Animals;Cash Cash;Nelly;Alan Walker,Millionaire (feat. Nelly) [Alan Walker Remix],Millionaire (feat. Nelly) - Alan Walker Remix
948,52pmRkuhGlBGQby8CJVUrN,Major Lazer;Showtek,Believer,Believer
949,6LUOMjoORvAkdhBYvESO46,Sia;Alan Walker,This Is Acting (Deluxe Version),Move Your Body - Alan Walker Remix
950,3LlmKSHR3Rs0Y3KHQLAYDk,Alan Walker,Alone,Alone
951,6SqX9J8tXk7rXaspk7GWX1,Kungs;Ephemerals,Layers,I Feel So Bad
952,0ErK6K0kYr0Ow2RkPMhmMs,Little Mix,Glory Days (Deluxe),Shout Out to My Ex
953,0kN8xEmgMW9mh7UmDYHlJP,Bruno Mars,24K Magic,Versace on the Floor
954,0t47PyJgXmnUAK5obb0mM2,Starley,Call On Me,Call on Me
955,4QTuyRQshEZYurtIDfE6g0,Jonas Blue;RAYE,By Your Side,By Your Side
956,1SCREioMuu0ITr6juZ4OUe,Snakehips;ZAYN;Jay Pryor,Cruel (Jay Pryor Remix),Cruel (feat. ZAYN) - Jay Pryor Remix
957,7vFoFDWqTX0mHzLfrF1Cfy,OMI;Felix Jaehn,Me 4 U,Cheerleader (Felix Jaehn Remix) - Radio Edit
958,0wsXdby1T3PWLauIkGUZzg,OMI,Me 4 U,Hula Hoop
959,3MEYFivt6bilQ9q9mFWZ4g,Marshmello,Alone,Alone
960,7vRriwrloYVaoAe3a9wJHe,gnash;Olivia O'Brien,us,"i hate u, i love u (feat. olivia o'brien)"
961,0AS63m1wHv9n4VVRizK6Hc,Shawn Mendes,Illuminate (Deluxe),Mercy
962,2rizacJSyD9S1IQUxUxnsK,The Chainsmokers;Phoebe Ryan,All We Know,All We Know
963,3QGsuHI8jO1Rx4JWLUh9jd,Shawn Mendes,Illuminate (Deluxe),Treat You Better
964,42ydLwx4i5V49RXHOozJZq,Alessia Cara,Know-It-All (Deluxe),Scars To Your Beautiful
965,6bLopGnirdrilrpdVB6Um1,Sia,This Is Acting (Deluxe Version),The Greatest
966,5o3GnrcFtvkdf3zFznuSbA,Maroon 5;Kendrick Lamar,Don't Wanna Know,Don't Wanna Know (feat. Kendrick Lamar)
967,5uCax9HTNlzGybIStD3vDh,James Arthur,Back from the Edge,Say You Won't Let Go
968,3aLWuWKHaTV4Ok7LKvXRYn,Cheat Codes;Dante Klein,Let Me Hold You (Turn Me On),Let Me Hold You (Turn Me On)
969,7L59vVTpoS94JU3KEeolqt,Cash Cash;Bebe Rexha,Overtime EP,Take Me Home (feat. Bebe Rexha)
970,51ODNNDZm21HU7wI7cccRr,Disclosure;Sam Smith,Settle,Latch
971,7MXVkk9YMctZqd1Srtv4MB,The Weeknd;Daft Punk,Starboy,Starboy
972,2gFvRmQiWg9fN9i74Q0aiw,Bruno Mars,24K Magic,24K Magic
973,7JdfcGn5k4TX2GGmrbl38w,DEPAPEPE,Depapepe All Time Best - Cobalt Green -,きっとまたいつか(album version)
974,0SmfDD8YBLbKERDMv4q49P,DEPAPEPE,Depapepe All Time Best - Cobalt Green -,FESTA!!
975,2pAmTlBdwakFYj6WLKy8do,DEPAPEPE,Depapepe All Time Best - Cobalt Green -,ONE
976,2ZdFqhcffO1ULUhCKXfHIx,DEPAPEPE,Depapepe All Time Best - Cobalt Green -,Life is a Journey
977,19Ax540dIMZEdI6B79Dxow,DEPAPEPE,Depapepe All Time Best - Cobalt Green -,パッヘルベルのカノン
978,7ciLq0Cip0yxiz6KANrOUq,DNCE,SWAAY,Toothbrush
979,3O8NlPh2LByMU9lSRSHedm,Drake,Views,Controlla
980,5x9uAWpQ0qj8V61xckw6TV,Major Lazer;Justin Bieber;MØ,Cold Water (feat. Justin Bieber & MØ),Cold Water (feat. Justin Bieber & MØ)
981,3P3pw6C19j31Rnzgo3JG7o,Jonas Blue;JP Cooper,Perfect Strangers,Perfect Strangers
982,3tJ4y2Zqx6gM9xOAuFfsSF,Tove Lo,Cool Girl,Cool Girl
983,7xHWNBFm6ObGEQPaUxHuKO,Sia;Kendrick Lamar,The Greatest,The Greatest (feat. Kendrick Lamar)
984,0lYBSQXN6rCTvUZvg9S0lU,DJ Snake;Justin Bieber,Encore,Let Me Love You
985,0gb1J5UrTpzaU1s3nupgCd,Galantis,No Money,No Money
986,7hZhKh0NmmlUfoQkUkCflm,Flume;kai,Skin,Never Be Like You
987,1A8j067qyiNwQnZT0bzUpZ,Kungs;Cookin' On 3 Burners,This Girl (Kungs Vs. Cookin' On 3 Burners),This Girl (Kungs Vs. Cookin' On 3 Burners)
988,0wm95lyy2SjmCCx9xUp3Zs,DJ Roody;Jo MK,Took a Pill In Ibiza (CLUB REMIX),Took a Pill in Ibiza (CLUB REMIX)
989,1qE47wUKG2juJwPoLqg4C9,Major Lazer;MØ;DJ Snake,Peace Is The Mission,Lean On (feat. MØ & DJ Snake)
990,7g8WkymC8xQ4vb8IpIoJh3,Clean Bandit;Jess Glynne,Prayer,Rather Be (feat. Jess Glynne) - Robin Schulz Edit [Robin Schulz Edit]
991,5ELU5WP9GpuMQ78RAivBjx,Alan Walker,Fade,Fade
992,6E8UKOaI2A1LQjWYMFLyJI,Marshmello;MRVLZ,Alone (MRVLZ Remix),Alone - MRVLZ Remix
993,2BcwzjPvVSkek2ZLdh7C9J,Alan Walker;Marshmello,Sing Me to Sleep (Marshmello Remix),Sing Me to Sleep - Marshmello Remix
994,6Rb032212LB8L7FV8R5UAz,SEKAI NO OWARI,Dragon Night,Dragon Night
995,3AJwUDP919kvQ9QcozQPxg,Coldplay,Parachutes,Yellow
996,0BCPKOYdS2jbQ8iyB56Zns,Coldplay,A Rush of Blood to the Head,Clocks
997,7fcgisGFCr4mfbfNSztr84,Coldplay,Viva La Vida (Prospekt's March Edition),Viva La Vida
998,31L9yLXSj6LpCFupyMV6CR,Coldplay,A Head Full of Dreams,Up&Up
999,5k5fWendNngd89O8JKoE8L,Meghan Trainor,Better When I'm Dancin',Better When I'm Dancin'
1000,6T1XBRyn4nq4OnUD7aADJX,Afgan,Knock Me Out,Knock Me Out
1001,1UXCG5ZaFjT3aoPCrEDxBY,RAN,Seno M. Hardjo Presents: The Great Composers - James F. Sundah & Oddie Agam,Wow!!
1002,2S5LNtRVRPbXk01yRQ14sZ,Flo Rida;Robin Thicke;Verdine White,My House,"I Don't Like It, I Love It (feat. Robin Thicke & Verdine White)"
1003,5YPMEOJ58kfl56VHxTgwx3,David Guetta;Ne-Yo;Akon,Nothing but the Beat (Ultimate Edition),Play Hard (feat. Ne-Yo & Akon)
1004,3oDFtOhcN08qeDPAK6MEQG,Black Eyed Peas,THE E.N.D. (THE ENERGY NEVER DIES) [Deluxe Version],Boom Boom Pow
1005,4kLLWz7srcuLKA7Et40PQR,Black Eyed Peas,THE E.N.D. (THE ENERGY NEVER DIES) [International Version],I Gotta Feeling
1006,0xmjwnQ3FNE6HuWCt2nHdZ,Black Eyed Peas,Elephunk (International Version),Where Is The Love?
1007,1RidHM9BC4M8DpfSQ6YLJh,Olly Murs;Demi Lovato,Never Been Better (Deluxe),Up (feat. Demi Lovato)
1008,1z8XWVMluW5uMdnDAo0kqr,Boyce Avenue,"Cover Sessions, Vol. 3",Heathens
1009,24O49qaJkiLHlg9lap3szX,Boyce Avenue,"Cover Sessions, Vol. 3",Cheap Thrills
1010,55GL7yORnb6ZzmmNToE2Ca,Boyce Avenue,"Cover Sessions, Vol. 3",This Is What You Came For
1011,1HjKV11twZbyuplYxdgZ3Z,Boyce Avenue,"Cover Sessions, Vol. 3",Don’t Let Me Down
1012,0AQWmNQqemSPC0hyCiBUWt,Boyce Avenue,"Cover Sessions, Vol. 3",Treat You Better
1013,4kVKWRPrPAiH9lb3uphIyJ,Boyce Avenue,"Cover Sessions, Vol. 3",Send My Love (To Your New Lover)
1014,1tfVpMI8G6EakZU4rEja4w,Alan Walker,Sing Me to Sleep,Sing Me to Sleep
1015,1f8zcJPvJKvxAOjEqM0pyc,Justin Bieber,Purpose (Deluxe),Love Yourself
1016,07nH4ifBxUB4lZcsf44Brn,Calvin Harris;John Newman,Motion,Blame (feat. John Newman)
1017,22mek4IiqubGD9ctzxc69s,Calvin Harris;Disciples,How Deep Is Your Love,How Deep Is Your Love
1018,6YUTL4dYpB9xZO5qExPf05,Calvin Harris,Motion,Summer
1019,46jLy47W8rkf8rEX04gMKB,OneRepublic,Wherever I Go,Wherever I Go
1020,1A8j067qyiNwQnZT0bzUpZ,Kungs;Cookin' On 3 Burners,This Girl (Kungs Vs. Cookin' On 3 Burners),This Girl (Kungs Vs. Cookin' On 3 Burners)
1021,2h8JZbRaH60ef8o8PpnF3Z,Pierce Fulton,Make Me Blue,Make Me Blue
1022,3BtuIIrQlkujKPuWF2B85z,Drake;Rihanna,Views,Too Good
1023,4Ce37cRWvM1vIGGynKcs22,Hailee Steinfeld;Grey;Zedd,Starving,Starving
1024,3QGsuHI8jO1Rx4JWLUh9jd,Shawn Mendes,Treat You Better,Treat You Better
1025,0azC730Exh71aQlOt9Zj3y,Calvin Harris;Rihanna,This Is What You Came For,This Is What You Came For
1026,698ItKASDavgwZ3WjaWjtz,Alan Walker,Faded,Faded
1027,4dASQiO1Eoo3RJvt74FtXB,Lil Wayne;Wiz Khalifa;Imagine Dragons;X Ambassadors;Logic;Ty Dolla $ign,Sucker for Pain (with Logic & Ty Dolla $ign feat. X Ambassadors),"Sucker for Pain (with Wiz Khalifa, Imagine Dragons, Logic & Ty Dolla $ign feat. X Ambassadors)"
1028,3CRDbSIZ4r5MsZ0YwxuEkn,Twenty One Pilots,Blurryface,Stressed Out
1029,6YZdkObH88npeKrrkb8Ggf,Enrique Iglesias;Wisin,DUELE EL CORAZON (feat. Wisin),DUELE EL CORAZON (feat. Wisin)
1030,7BKLCZ1jbUBVqRi2FVlTVw,The Chainsmokers;Halsey,Closer,Closer
1031,23L5CiUhw2jV1OIMwthR3S,Martin Garrix;Bebe Rexha,In the Name of Love,In the Name of Love
1032,6i0V12jOa3mr6uu4WYhUBr,Twenty One Pilots,Heathens,Heathens
1033,2wJhFcye5iiW2mVBpGednz,Nick Jonas;Tove Lo,Last Year Was Complicated,Close
1034,06KyNuuMOX1ROXRhj787tj,Charlie Puth;Selena Gomez,Nine Track Mind,We Don't Talk Anymore (feat. Selena Gomez)
1035,3RiPr603aXAoi4GHyXx0uy,Coldplay,A Head Full of Dreams,Hymn for the Weekend
1036,7KxhSJOYiqCDclXDBNlFSZ,Selena Gomez,Revival (Deluxe),Kill Em With Kindness
1037,76hfruVvmfQbw0eYn1nmeC,DNCE,SWAAY,Cake By The Ocean
1038,27SdWb2rFzO6GWiYDBTD9j,Sia,This Is Acting,Cheap Thrills
1039,563SfWAHJs4FBZMkRN0IFN,Adele,25,Send My Love (To Your New Lover)
1040,46NBoIAHrmR7qcUGCIFEjR,David Guetta;Zara Larsson,This One's for You (feat. Zara Larsson) [Official Song UEFA EURO 2016],This One's for You (feat. Zara Larsson) (Official Song UEFA EURO 2016)
1041,0vbtURX4qv1l7besfwmnD8,Mike Posner;Seeb,"At Night, Alone.",I Took A Pill In Ibiza - Seeb Remix
1042,1i1fxkWeaMmKEB4T7zqbzK,The Chainsmokers;Daya,Don't Let Me Down,Don't Let Me Down
1043,1rIKgCH4H52lrvDcz50hS8,Zara Larsson,Lush Life,Lush Life
1044,2Z8WuEywRWYTKe1NybPQEW,Twenty One Pilots,Blurryface,Ride
1045,6JV2JOEocMgcZxYSZelKcc,Justin Timberlake,"CAN'T STOP THE FEELING! (from DreamWorks Animation's ""TROLLS"")","CAN'T STOP THE FEELING! (from DreamWorks Animation's ""TROLLS"")"
1046,6s3GEN8wK0OMzzzZbXj0fu,Coldplay;Seeb,Hymn for the Weekend (Seeb Remix),Hymn for the Weekend - Seeb Remix
1047,18tLvggTFEZuzLdcnuej2u,Rizky Febian,Kesempurnaan Cinta,Kesempurnaan Cinta
1048,6DEMMeWXfmFAXgDUMMzeg6,Adele,25,All I Ask
